Workbook

Sheet Сроки и стоимость
P2: Издержки (аренда, налоги и т.д.): | X2: 0
AL3: площадь | AM3: =B38*'Атлант, Великан'!M127+IF(AM14=TRUE,(B46+D46+F46+H46+J46)*B38*(MAX(L46,2)-1),0)+IF(AM15=TRUE,B50*F50*(MAX(L50,2)-1),0)+IF(AM16=TRUE,B54*F54*(MAX(L54,2)-1),0)+IF(AM17=TRUE,B58*F58*(MAX(L58,2)-1),0) | AO3: спринт-м двускатный | AP3: спринт-м односкатный | AQ3: спринт-2м двускатный | AR3: спринт-2м односкатный | AS3: великан двускатный | AT3: великан односкатный | AU3: великан плоская | AV3: великан многоскатная | AW3: атлант двускатный | AX3: атлант односкатный | AY3: атлант плоская | AZ3: атлант многоскатная | BA3: атлант-м двускатный | BB3: атлант-м односкатный | BC3: атлант-м плоская | BD3: атлант-м многоскатная | BE3: крон двусткатный | BF3: крон односкатный | BI3: площадь | BJ3: =Y38*'Атлант, Великан'!AJ127+IF(BJ14=TRUE,(Y46+AA46+AC46+AE46+AG46)*Y38*(MAX(AI46,2)-1),0)+IF(BJ15=TRUE,Y50*AC50*(MAX(AI50,2)-1),0)+IF(BJ16=TRUE,Y54*AC54*(MAX(AI54,2)-1),0)+IF(BJ17=TRUE,Y58*AC58*(MAX(AI58,2)-1),0) | BL3: спринт-м двускатный | BM3: спринт-м односкатный | BN3: спринт-2м двускатный | BO3: спринт-2м односкатный | BP3: великан двускатный | BQ3: великан односкатный | BR3: великан плоская | BS3: великан многоскатная | BT3: атлант двускатный | BU3: атлант односкатный | BV3: атлант плоская | BW3: атлант многоскатная | BX3: атлант-м двускатный | BY3: атлант-м односкатный | BZ3: атлант-м плоская | CA3: атлант-м многоскатная | CB3: крон двусткатный | CC3: крон односкатный
AL4: база | AM4: 80000 | AO4: =Спринт!B2 | AP4: =Спринт!B38 | AQ4: =Спринт!B14 | AR4: =Спринт!B50 | AS4: =IF($D$33<=1,'Атлант, Великан'!$B$1,'Атлант, Великан'!$B$31+($D$33-1)*'Атлант, Великан'!$C$31) | AT4: =IF($D$33<=1,'Атлант, Великан'!$B$16, 'Атлант, Великан'!$B$56+($D$33-1)*'Атлант, Великан'!$C$56) | AU4: ='Атлант, Великан'!$B$80+($D$33-1)*'Атлант, Великан'!$C$80 | AV4: ='Атлант, Великан'!$B$104+($D$33-1)*'Атлант, Великан'!$C$104 | AW4: =IF($D$33<=1,'Атлант, Великан'!$B$3,'Атлант, Великан'!$B$33+($D$33-1)*'Атлант, Великан'!$C$33) | AX4: =IF($D$33<=1,'Атлант, Великан'!$B$18,'Атлант, Великан'!$B$58+($D$33-1)*'Атлант, Великан'!$C$58) | AY4: ='Атлант, Великан'!$B$82+($D$33-1)*'Атлант, Великан'!$C$82 | AZ4: ='Атлант, Великан'!$B$106+($D$33-1)*'Атлант, Великан'!$C$106 | BA4: =IF($D$33<=1,'Атлант, Великан'!$B$5,'Атлант, Великан'!$B$35+($D$33-1)*'Атлант, Великан'!$C$35) | BB4: =IF($D$33<=1,'Атлант, Великан'!$B$20,'Атлант, Великан'!$B$60+($D$33-1)*'Атлант, Великан'!$C$60) | BC4: ='Атлант, Великан'!$B$84+($D$33-1)*'Атлант, Великан'!$C$84 | BD4: ='Атлант, Великан'!$B$108+($D$33-1)*'Атлант, Великан'!$C$108 | BE4: =Спринт!B26 | BF4: =Спринт!B62 | BI4: база | BJ4: 80000 | BL4: ='Атлант, Великан'!B304 | BM4: ='Атлант, Великан'!B304 | BN4: ='Атлант, Великан'!B304 | BO4: ='Атлант, Великан'!B304 | BP4: ='Атлант, Великан'!B302 | BQ4: ='Атлант, Великан'!B302 | BR4: ='Атлант, Великан'!B302 | BS4: ='Атлант, Великан'!B302 | BT4: ='Атлант, Великан'!B302 | BU4: ='Атлант, Великан'!B302 | BV4: ='Атлант, Великан'!B302 | BW4: ='Атлант, Великан'!B302 | BX4: ='Атлант, Великан'!B302 | BY4: ='Атлант, Великан'!B302 | BZ4: ='Атлант, Великан'!B302 | CA4: ='Атлант, Великан'!B302 | CB4: ='Атлант, Великан'!B304 | CC4: ='Атлант, Великан'!B304
AL5: страна | AM5: 1 | AO5: =CHOOSE($AM$5,1,'Атлант, Великан'!$B$162) | AP5: =CHOOSE($AM$5,1,'Атлант, Великан'!$B$162) | AQ5: =CHOOSE($AM$5,1,'Атлант, Великан'!$B$162) | AR5: =CHOOSE($AM$5,1,'Атлант, Великан'!$B$162) | AS5: =CHOOSE($AM$5,1,'Атлант, Великан'!$B$162) | AT5: =CHOOSE($AM$5,1,'Атлант, Великан'!$B$162) | AU5: =CHOOSE($AM$5,1,'Атлант, Великан'!$B$162) | AV5: =CHOOSE($AM$5,1,'Атлант, Великан'!$B$162) | ... BF5: =CHOOSE($AM$5,1,'Атлант, Великан'!$B$162) | BI5: страна | BJ5: =AM5 | BL5: 1 | BM5: 1 | BN5: 1 | BO5: 1 | BP5: 1 | BQ5: 1 | BR5: 1 | BS5: 1 | BT5: 1 | BU5: 1 | BV5: 1 | BW5: 1 | BX5: 1 | BY5: 1 | BZ5: 1 | CA5: 1 | CB5: 1 | CC5: 1
AL6: сейсмика | AM6: 1 | AO6: =CHOOSE($AM$6,'Атлант, Великан'!$B$164,'Атлант, Великан'!$B$165,'Атлант, Великан'!$B$166,'Атлант, Великан'!$B$167) | AP6: =CHOOSE($AM$6,'Атлант, Великан'!$B$164,'Атлант, Великан'!$B$165,'Атлант, Великан'!$B$166,'Атлант, Великан'!$B$167) | AQ6: =CHOOSE($AM$6,'Атлант, Великан'!$B$164,'Атлант, Великан'!$B$165,'Атлант, Великан'!$B$166,'Атлант, Великан'!$B$167) | AR6: =CHOOSE($AM$6,'Атлант, Великан'!$B$164,'Атлант, Великан'!$B$165,'Атлант, Великан'!$B$166,'Атлант, Великан'!$B$167) | AS6: =CHOOSE($AM$6,'Атлант, Великан'!$B$164,'Атлант, Великан'!$B$165,'Атлант, Великан'!$B$166,'Атлант, Великан'!$B$167) | AT6: =CHOOSE($AM$6,'Атлант, Великан'!$B$164,'Атлант, Великан'!$B$165,'Атлант, Великан'!$B$166,'Атлант, Великан'!$B$167) | AU6: =CHOOSE($AM$6,'Атлант, Великан'!$B$164,'Атлант, Великан'!$B$165,'Атлант, Великан'!$B$166,'Атлант, Великан'!$B$167) | AV6: =CHOOSE($AM$6,'Атлант, Великан'!$B$164,'Атлант, Великан'!$B$165,'Атлант, Великан'!$B$166,'Атлант, Великан'!$B$167) | ... BF6: =CHOOSE($AM$6,'Атлант, Великан'!$B$164,'Атлант, Великан'!$B$165,'Атлант, Великан'!$B$166,'Атлант, Великан'!$B$167) | BI6: сейсмика | BJ6: =AM6 | BL6: 0 | BM6: 0 | BN6: 0 | BO6: 0 | BP6: 0 | BQ6: 0 | BR6: 0 | BS6: 0 | BT6: 0 | BU6: 0 | BV6: 0 | BW6: 0 | BX6: 0 | BY6: 0 | BZ6: 0 | CA6: 0 | CB6: 0 | CC6: 0
AL7: тип здания | AM7: 3 | AO7: =CHOOSE($AM$7,1,0,0,0,0,0) | AP7: =CHOOSE($AM$7,1,0,0,0,0,0) | AQ7: =CHOOSE($AM$7,0,1,0,0,0,0) | AR7: =CHOOSE($AM$7,0,1,0,0,0,0) | AS7: =CHOOSE($AM$7,0,0,1,0,0,0) | AT7: =CHOOSE($AM$7,0,0,1,0,0,0) | AU7: =CHOOSE($AM$7,0,0,1,0,0,0) | AV7: =CHOOSE($AM$7,0,0,1,0,0,0) | AW7: =CHOOSE($AM$7,0,0,0,1,0,0) | AX7: =CHOOSE($AM$7,0,0,0,1,0,0) | AY7: =CHOOSE($AM$7,0,0,0,1,0,0) | AZ7: =CHOOSE($AM$7,0,0,0,1,0,0) | BA7: =CHOOSE($AM$7,0,0,0,0,1,0) | BB7: =CHOOSE($AM$7,0,0,0,0,1,0) | BC7: =CHOOSE($AM$7,0,0,0,0,1,0) | BD7: =CHOOSE($AM$7,0,0,0,0,1,0) | BE7: =CHOOSE($AM$7,0,0,0,0,0,1) | BF7: =CHOOSE($AM$7,0,0,0,0,0,1) | BI7: тип здания | BJ7: =AM7 | BL7: =CHOOSE($AM$7,1,0,0,0,0,0) | BM7: =CHOOSE($AM$7,1,0,0,0,0,0) | BN7: =CHOOSE($AM$7,0,1,0,0,0,0) | BO7: =CHOOSE($AM$7,0,1,0,0,0,0) | BP7: =CHOOSE($AM$7,0,0,1,0,0,0) | BQ7: =CHOOSE($AM$7,0,0,1,0,0,0) | BR7: =CHOOSE($AM$7,0,0,1,0,0,0) | BS7: =CHOOSE($AM$7,0,0,1,0,0,0) | BT7: =CHOOSE($AM$7,0,0,0,1,0,0) | BU7: =CHOOSE($AM$7,0,0,0,1,0,0) | BV7: =CHOOSE($AM$7,0,0,0,1,0,0) | BW7: =CHOOSE($AM$7,0,0,0,1,0,0) | BX7: =CHOOSE($AM$7,0,0,0,0,1,0) | BY7: =CHOOSE($AM$7,0,0,0,0,1,0) | BZ7: =CHOOSE($AM$7,0,0,0,0,1,0) | CA7: =CHOOSE($AM$7,0,0,0,0,1,0) | CB7: =CHOOSE($AM$7,0,0,0,0,0,1) | CC7: =CHOOSE($AM$7,0,0,0,0,0,1)
AK8: проектирование | AL8: КМ | AM8: TRUE | BH8: проектирование | BI8: КМ | BJ8: =AM8
Y9: стоимость проектных работ КМ | Z9: =(MAX(AO79:BF79)+MAX(BL79:CC79))/1000*(100%+X2) | AB9: тыс. руб | AL9: АС | AM9: FALSE | BI9: АС | BJ9: =AM9
S10: срок проектирования КМ | Z10: =MAX(AO80:BF80)+MAX(BL80:CC80) | AB10: раб. дней | AL10: подстропильная ферма | AM10: FALSE | AO10: ='Атлант, Великан'!$F$296 | AP10: ='Атлант, Великан'!$F$296 | AQ10: ='Атлант, Великан'!$F$296 | AR10: ='Атлант, Великан'!$F$296 | AS10: ='Атлант, Великан'!$F$296 | AT10: ='Атлант, Великан'!$F$296 | AU10: ='Атлант, Великан'!$F$296 | AV10: ='Атлант, Великан'!$F$296 | ... BF10: ='Атлант, Великан'!$F$296 | BI10: подстропильная ферма | BJ10: =AM10 | BL10: 0 | BM10: 0 | BN10: 0 | BO10: 0 | BP10: 0 | BQ10: 0 | BR10: 0 | BS10: 0 | BT10: 0 | BU10: 0 | BV10: 0 | BW10: 0 | BX10: 0 | BY10: 0 | BZ10: 0 | CA10: 0 | CB10: 0 | CC10: 0
AK11: параметры здания | AL11: кровля | AM11: 2 | AO11: =CHOOSE($AM$11,0,1,0,0) | AP11: =CHOOSE($AM$11,1,0,0,0) | AQ11: =CHOOSE($AM$11,0,1,0,0) | AR11: =CHOOSE($AM$11,1,0,0,0) | AS11: =CHOOSE($AM$11,0,1,0,0) | AT11: =CHOOSE($AM$11,1,0,0,0) | AU11: =CHOOSE($AM$11,0,0,1,0) | AV11: =CHOOSE($AM$11,0,0,0,1) | AW11: =CHOOSE($AM$11,0,1,0,0) | AX11: =CHOOSE($AM$11,1,0,0,0) | AY11: =CHOOSE($AM$11,0,0,1,0) | AZ11: =CHOOSE($AM$11,0,0,0,1) | BA11: =CHOOSE($AM$11,0,1,0,0) | BB11: =CHOOSE($AM$11,1,0,0,0) | BC11: =CHOOSE($AM$11,0,0,1,0) | BD11: =CHOOSE($AM$11,0,0,0,1) | BE11: =CHOOSE($AM$11,0,1,0,0) | BF11: =CHOOSE($AM$11,1,0,0,0) | BH11: параметры здания | BI11: кровля | BJ11: =AM11 | BL11: =CHOOSE($AM$11,0,1,0,0) | BM11: =CHOOSE($AM$11,1,0,0,0) | BN11: =CHOOSE($AM$11,0,1,0,0) | BO11: =CHOOSE($AM$11,1,0,0,0) | BP11: =CHOOSE($AM$11,0,1,0,0) | BQ11: =CHOOSE($AM$11,1,0,0,0) | BR11: =CHOOSE($AM$11,0,0,1,0) | BS11: =CHOOSE($AM$11,0,0,0,1) | BT11: =CHOOSE($AM$11,0,1,0,0) | BU11: =CHOOSE($AM$11,1,0,0,0) | BV11: =CHOOSE($AM$11,0,0,1,0) | BW11: =CHOOSE($AM$11,0,0,0,1) | BX11: =CHOOSE($AM$11,0,1,0,0) | BY11: =CHOOSE($AM$11,1,0,0,0) | BZ11: =CHOOSE($AM$11,0,0,1,0) | CA11: =CHOOSE($AM$11,0,0,0,1) | CB11: =CHOOSE($AM$11,0,1,0,0) | CC11: =CHOOSE($AM$11,1,0,0,0)
S12: Конструктив | V12: Средняя металлоемкость, кг/м2 | Z12: Стоимость проектных работ, тыс.руб/т | AL12: пролеты | AM12: 1 | AO12: 0 | AP12: 0 | AQ12: 0 | AR12: 0 | AS12: ='Атлант, Великан'!V135 | AT12: ='Атлант, Великан'!V135 | AU12: ='Атлант, Великан'!V135 | AV12: ='Атлант, Великан'!V135 | AW12: ='Атлант, Великан'!V144 | AX12: ='Атлант, Великан'!V144 | AY12: ='Атлант, Великан'!V144 | AZ12: ='Атлант, Великан'!V144 | BA12: ='Атлант, Великан'!V153 | BB12: ='Атлант, Великан'!V153 | BC12: ='Атлант, Великан'!V153 | BD12: ='Атлант, Великан'!V153 | BE12: 0 | BF12: 0 | BI12: пролеты | BJ12: =AM12
AL13: шаг рам | AM13: 1 | AO13: =CHOOSE($AM$13,0,Спринт!$B$77) | AP13: =CHOOSE($AM$13,0,Спринт!$B$77) | AQ13: =CHOOSE($AM$13,0,Спринт!$B$77) | AR13: =CHOOSE($AM$13,0,Спринт!$B$77) | AS13: =CHOOSE($AM$13,0,'Атлант, Великан'!$B$160) | AT13: =CHOOSE($AM$13,0,'Атлант, Великан'!$B$160) | AU13: =CHOOSE($AM$13,0,'Атлант, Великан'!$B$160) | AV13: =CHOOSE($AM$13,0,'Атлант, Великан'!$B$160) | AW13: =CHOOSE($AM$13,0,'Атлант, Великан'!$B$160) | AX13: =CHOOSE($AM$13,0,'Атлант, Великан'!$B$160) | AY13: =CHOOSE($AM$13,0,'Атлант, Великан'!$B$160) | AZ13: =CHOOSE($AM$13,0,'Атлант, Великан'!$B$160) | ... BD13: =CHOOSE($AM$13,0,'Атлант, Великан'!$B$160) | BE13: =CHOOSE($AM$13,0,Спринт!$B$77) | BF13: =CHOOSE($AM$13,0,Спринт!$B$77) | BI13: шаг рам | BJ13: =AM13
AL14: наличие в здании перекрытия | AM14: FALSE | AO14: ='Атлант, Великан'!$O$243 | AP14: ='Атлант, Великан'!$O$243 | AQ14: ='Атлант, Великан'!$O$243 | AR14: ='Атлант, Великан'!$O$243 | AS14: ='Атлант, Великан'!$O$243 | AT14: ='Атлант, Великан'!$O$243 | AU14: ='Атлант, Великан'!$O$243 | AV14: ='Атлант, Великан'!$O$243 | ... BF14: ='Атлант, Великан'!$O$243 | BI14: наличие в здании перекрытия | BJ14: =AM14 | BL14: ='Атлант, Великан'!$L$520 | BM14: ='Атлант, Великан'!$L$520 | BN14: ='Атлант, Великан'!$L$520 | BO14: ='Атлант, Великан'!$L$520 | BP14: ='Атлант, Великан'!$L$520 | BQ14: ='Атлант, Великан'!$L$520 | BR14: ='Атлант, Великан'!$L$520 | BS14: ='Атлант, Великан'!$L$520 | ... CC14: ='Атлант, Великан'!$L$520
S15: Спринт-М | V15: 25 | Z15: =CHOOSE($AM$11,AP78,AO78,0,0)/($AM$3*V15) | AL15: наличие в здании антресоли 1 | AM15: FALSE | AO15: ='Атлант, Великан'!$B$252*'Атлант, Великан'!$I$252 | AP15: ='Атлант, Великан'!$B$252*'Атлант, Великан'!$I$252 | AQ15: ='Атлант, Великан'!$B$252*'Атлант, Великан'!$I$252 | AR15: ='Атлант, Великан'!$B$252*'Атлант, Великан'!$I$252 | AS15: ='Атлант, Великан'!$B$252*'Атлант, Великан'!$I$252 | AT15: ='Атлант, Великан'!$B$252*'Атлант, Великан'!$I$252 | AU15: ='Атлант, Великан'!$B$252*'Атлант, Великан'!$I$252 | AV15: ='Атлант, Великан'!$B$252*'Атлант, Великан'!$I$252 | ... BF15: ='Атлант, Великан'!$B$252*'Атлант, Великан'!$I$252 | BI15: наличие в здании антресоли 1 | BJ15: =AM15 | BL15: ='Атлант, Великан'!$R$520 | BM15: ='Атлант, Великан'!$R$520 | BN15: ='Атлант, Великан'!$R$520 | BO15: ='Атлант, Великан'!$R$520 | BP15: ='Атлант, Великан'!$R$520 | BQ15: ='Атлант, Великан'!$R$520 | BR15: ='Атлант, Великан'!$R$520 | BS15: ='Атлант, Великан'!$R$520 | ... CC15: ='Атлант, Великан'!$R$520
S16: Спринт-2М | V16: 30 | Z16: =CHOOSE($AM$11,AR78,AQ78,0,0)/($AM$3*V16) | AL16: наличие в здании антресоли 2 | AM16: FALSE | AO16: ='Атлант, Великан'!$B$252*'Атлант, Великан'!$J$252 | AP16: ='Атлант, Великан'!$B$252*'Атлант, Великан'!$J$252 | AQ16: ='Атлант, Великан'!$B$252*'Атлант, Великан'!$J$252 | AR16: ='Атлант, Великан'!$B$252*'Атлант, Великан'!$J$252 | AS16: ='Атлант, Великан'!$B$252*'Атлант, Великан'!$J$252 | AT16: ='Атлант, Великан'!$B$252*'Атлант, Великан'!$J$252 | AU16: ='Атлант, Великан'!$B$252*'Атлант, Великан'!$J$252 | AV16: ='Атлант, Великан'!$B$252*'Атлант, Великан'!$J$252 | ... BF16: ='Атлант, Великан'!$B$252*'Атлант, Великан'!$J$252 | BI16: наличие в здании антресоли 2 | BJ16: =AM16
S17: Великан | V17: 35 | Z17: =CHOOSE($AM$11,AT78,AS78,AU78,AV78)/($AM$3*V17) | AL17: наличие в здании антресоли 3 | AM17: FALSE | AO17: ='Атлант, Великан'!$B$252*'Атлант, Великан'!$K$252 | AP17: ='Атлант, Великан'!$B$252*'Атлант, Великан'!$K$252 | AQ17: ='Атлант, Великан'!$B$252*'Атлант, Великан'!$K$252 | AR17: ='Атлант, Великан'!$B$252*'Атлант, Великан'!$K$252 | AS17: ='Атлант, Великан'!$B$252*'Атлант, Великан'!$K$252 | AT17: ='Атлант, Великан'!$B$252*'Атлант, Великан'!$K$252 | AU17: ='Атлант, Великан'!$B$252*'Атлант, Великан'!$K$252 | AV17: ='Атлант, Великан'!$B$252*'Атлант, Великан'!$K$252 | ... BF17: ='Атлант, Великан'!$B$252*'Атлант, Великан'!$K$252 | BI17: наличие в здании антресоли 3 | BJ17: =AM17
S18: Атлант | V18: 40 | Z18: =CHOOSE($AM$11,AX78,AW78,AY78,AZ78)/($AM$3*V18) | AL18: наличие в здании опорного крана | AM18: FALSE | AO18: 0 | AP18: 0 | AQ18: 0 | AR18: 0 | AS18: =IF($AM$18=TRUE,IF($D$33<=1,'Атлант, Великан'!$B$13,'Атлант, Великан'!$B$49+IF('Сроки и стоимость'!$AM$19=1,0,1)*'Атлант, Великан'!$B$51*('Сроки и стоимость'!$F$61-1)+('Сроки и стоимость'!$F$61-1)*'Атлант, Великан'!$B$50),0) | AT18: =IF($AM$18=TRUE,IF($D$33<=1,'Атлант, Великан'!$B$28,'Атлант, Великан'!$B$73+IF('Сроки и стоимость'!$AM$19=1,0,1)*'Атлант, Великан'!$B$75*('Сроки и стоимость'!$F$61-1)+('Сроки и стоимость'!$F$61-1)*'Атлант, Великан'!$B$74),0) | AU18: =IF($AM$18=TRUE,IF($D$33<=1,'Атлант, Великан'!$B$97,'Атлант, Великан'!$B$97+IF('Сроки и стоимость'!$AM$19=1,0,1)*'Атлант, Великан'!$B$99*('Сроки и стоимость'!$F$61-1)+('Сроки и стоимость'!$F$61-1)*'Атлант, Великан'!$B$98),0) | AV18: =IF($AM$18=TRUE,IF($D$33<=1,'Атлант, Великан'!$B$121,'Атлант, Великан'!$B$121+IF('Сроки и стоимость'!$AM$19=1,0,1)*'Атлант, Великан'!$B$123*('Сроки и стоимость'!$F$61-1)+('Сроки и стоимость'!$F$61-1)*'Атлант, Великан'!$B$122),0) | AW18: =IF($AM$18=TRUE,IF($D$33<=1,'Атлант, Великан'!$B$13,'Атлант, Великан'!$B$49+IF('Сроки и стоимость'!$AM$19=1,0,1)*'Атлант, Великан'!$B$51*('Сроки и стоимость'!$F$61-1)+('Сроки и стоимость'!$F$61-1)*'Атлант, Великан'!$B$50),0) | AX18: =IF($AM$18=TRUE,IF($D$33<=1,'Атлант, Великан'!$B$28,'Атлант, Великан'!$B$73+IF('Сроки и стоимость'!$AM$19=1,0,1)*'Атлант, Великан'!$B$75*('Сроки и стоимость'!$F$61-1)+('Сроки и стоимость'!$F$61-1)*'Атлант, Великан'!$B$74),0) | AY18: =IF($AM$18=TRUE,IF($D$33<=1,'Атлант, Великан'!$B$97,'Атлант, Великан'!$B$97+IF('Сроки и стоимость'!$AM$19=1,0,1)*'Атлант, Великан'!$B$99*('Сроки и стоимость'!$F$61-1)+('Сроки и стоимость'!$F$61-1)*'Атлант, Великан'!$B$98),0) | AZ18: =IF($AM$18=TRUE,IF($D$33<=1,'Атлант, Великан'!$B$121,'Атлант, Великан'!$B$121+IF('Сроки и стоимость'!$AM$19=1,0,1)*'Атлант, Великан'!$B$123*('Сроки и стоимость'!$F$61-1)+('Сроки и стоимость'!$F$61-1)*'Атлант, Великан'!$B$122),0) | BA18: =IF($AM$18=TRUE,IF($D$33<=1,'Атлант, Великан'!$B$13,'Атлант, Великан'!$B$49+IF('Сроки и стоимость'!$AM$19=1,0,1)*'Атлант, Великан'!$B$51*('Сроки и стоимость'!$F$61-1)+('Сроки и стоимость'!$F$61-1)*'Атлант, Великан'!$B$50),0) | BB18: =IF($AM$18=TRUE,IF($D$33<=1,'Атлант, Великан'!$B$28,'Атлант, Великан'!$B$73+IF('Сроки и стоимость'!$AM$19=1,0,1)*'Атлант, Великан'!$B$75*('Сроки и стоимость'!$F$61-1)+('Сроки и стоимость'!$F$61-1)*'Атлант, Великан'!$B$74),0) | BC18: =IF($AM$18=TRUE,IF($D$33<=1,'Атлант, Великан'!$B$97,'Атлант, Великан'!$B$97+IF('Сроки и стоимость'!$AM$19=1,0,1)*'Атлант, Великан'!$B$99*('Сроки и стоимость'!$F$61-1)+('Сроки и стоимость'!$F$61-1)*'Атлант, Великан'!$B$98),0) | BD18: =IF($AM$18=TRUE,IF($D$33<=1,'Атлант, Великан'!$B$121,'Атлант, Великан'!$B$121+IF('Сроки и стоимость'!$AM$19=1,0,1)*'Атлант, Великан'!$B$123*('Сроки и стоимость'!$F$61-1)+('Сроки и стоимость'!$F$61-1)*'Атлант, Великан'!$B$122),0) | BE18: 0 | BF18: 0 | BI18: наличие в здании опорного крана | BJ18: =AM18
S19: Атлант-М | V19: 36 | Z19: =CHOOSE($AM$11,BB78,BA78,BC78,BD78)/($AM$3*V19) | AL19: грузоподъемность опорного крана | AM19: 1 | BI19: грузоподъемность опорного крана | BJ19: =AM19
S20: Крон | V20: 30 | Z20: =CHOOSE($AM$11,BF78,BE78,0,0)/($AM$3*V20) | AL20: наличие в здании подвесного крана | AM20: FALSE | AO20: 0 | AP20: 0 | AQ20: 0 | AR20: 0 | AS20: =IF($AM$20=TRUE,IF($D$33<=1,'Атлант, Великан'!$B$14,'Атлант, Великан'!$B$52+IF('Сроки и стоимость'!$AM$21=1,0,1)*'Атлант, Великан'!$B$54*('Сроки и стоимость'!$F$66-1)+('Сроки и стоимость'!$F$66-1)*'Атлант, Великан'!$B$53),0) | AT20: =IF($AM$20=TRUE,IF($D$33<=1,'Атлант, Великан'!$B$29,'Атлант, Великан'!$B$76+IF('Сроки и стоимость'!$AM$21=1,0,1)*'Атлант, Великан'!$B$78*('Сроки и стоимость'!$F$66-1)+('Сроки и стоимость'!$F$66-1)*'Атлант, Великан'!$B$77),0) | AU20: =IF($AM$20=TRUE,IF($D$33<=1,'Атлант, Великан'!$B$100,'Атлант, Великан'!$B$100+IF('Сроки и стоимость'!$AM$21=1,0,1)*'Атлант, Великан'!$B$102*('Сроки и стоимость'!$F$66-1)+('Сроки и стоимость'!$F$66-1)*'Атлант, Великан'!$B$101),0) | AV20: =IF($AM$20=TRUE,IF($D$33<=1,'Атлант, Великан'!$B$124,'Атлант, Великан'!$B$124+IF('Сроки и стоимость'!$AM$21=1,0,1)*'Атлант, Великан'!$B$126*('Сроки и стоимость'!$F$66-1)+('Сроки и стоимость'!$F$66-1)*'Атлант, Великан'!$B$125),0) | AW20: =IF($AM$20=TRUE,IF($D$33<=1,'Атлант, Великан'!$B$14,'Атлант, Великан'!$B$52+IF('Сроки и стоимость'!$AM$21=1,0,1)*'Атлант, Великан'!$B$54*('Сроки и стоимость'!$F$66-1)+('Сроки и стоимость'!$F$66-1)*'Атлант, Великан'!$B$53),0) | AX20: =IF($AM$20=TRUE,IF($D$33<=1,'Атлант, Великан'!$B$29,'Атлант, Великан'!$B$76+IF('Сроки и стоимость'!$AM$21=1,0,1)*'Атлант, Великан'!$B$78*('Сроки и стоимость'!$F$66-1)+('Сроки и стоимость'!$F$66-1)*'Атлант, Великан'!$B$77),0) | AY20: =IF($AM$20=TRUE,IF($D$33<=1,'Атлант, Великан'!$B$100,'Атлант, Великан'!$B$100+IF('Сроки и стоимость'!$AM$21=1,0,1)*'Атлант, Великан'!$B$102*('Сроки и стоимость'!$F$66-1)+('Сроки и стоимость'!$F$66-1)*'Атлант, Великан'!$B$101),0) | AZ20: =IF($AM$20=TRUE,IF($D$33<=1,'Атлант, Великан'!$B$124,'Атлант, Великан'!$B$124+IF('Сроки и стоимость'!$AM$21=1,0,1)*'Атлант, Великан'!$B$126*('Сроки и стоимость'!$F$66-1)+('Сроки и стоимость'!$F$66-1)*'Атлант, Великан'!$B$125),0) | BA20: =IF($AM$20=TRUE,IF($D$33<=1,'Атлант, Великан'!$B$14,'Атлант, Великан'!$B$52+IF('Сроки и стоимость'!$AM$21=1,0,1)*'Атлант, Великан'!$B$54*('Сроки и стоимость'!$F$66-1)+('Сроки и стоимость'!$F$66-1)*'Атлант, Великан'!$B$53),0) | BB20: =IF($AM$20=TRUE,IF($D$33<=1,'Атлант, Великан'!$B$29,'Атлант, Великан'!$B$76+IF('Сроки и стоимость'!$AM$21=1,0,1)*'Атлант, Великан'!$B$78*('Сроки и стоимость'!$F$66-1)+('Сроки и стоимость'!$F$66-1)*'Атлант, Великан'!$B$77),0) | BC20: =IF($AM$20=TRUE,IF($D$33<=1,'Атлант, Великан'!$B$100,'Атлант, Великан'!$B$100+IF('Сроки и стоимость'!$AM$21=1,0,1)*'Атлант, Великан'!$B$102*('Сроки и стоимость'!$F$66-1)+('Сроки и стоимость'!$F$66-1)*'Атлант, Великан'!$B$101),0) | BD20: =IF($AM$20=TRUE,IF($D$33<=1,'Атлант, Великан'!$B$124,'Атлант, Великан'!$B$124+IF('Сроки и стоимость'!$AM$21=1,0,1)*'Атлант, Великан'!$B$126*('Сроки и стоимость'!$F$66-1)+('Сроки и стоимость'!$F$66-1)*'Атлант, Великан'!$B$125),0) | BE20: 0 | BF20: 0 | BI20: наличие в здании подвесного крана | BJ20: =AM20
AL21: грузоподъемность подвесного крана | AM21: 1 | BI21: грузоподъемность подвесного крана | BJ21: =AM21
AL22: лестница | AM22: FALSE | BI22: лестница | BJ22: =AM22
AK23: под Ж/Б ступени | AL23: одномаршевая | AM23: FALSE | AO23: =IF($AM$23=TRUE,'Атлант, Великан'!$B$231*'Сроки и стоимость'!$F$71,0) | AP23: =IF($AM$23=TRUE,'Атлант, Великан'!$B$231*'Сроки и стоимость'!$F$71,0) | AQ23: =IF($AM$23=TRUE,'Атлант, Великан'!$B$231*'Сроки и стоимость'!$F$71,0) | AR23: =IF($AM$23=TRUE,'Атлант, Великан'!$B$231*'Сроки и стоимость'!$F$71,0) | AS23: =IF($AM$23=TRUE,'Атлант, Великан'!$B$231*'Сроки и стоимость'!$F$71,0) | AT23: =IF($AM$23=TRUE,'Атлант, Великан'!$B$231*'Сроки и стоимость'!$F$71,0) | AU23: =IF($AM$23=TRUE,'Атлант, Великан'!$B$231*'Сроки и стоимость'!$F$71,0) | AV23: =IF($AM$23=TRUE,'Атлант, Великан'!$B$231*'Сроки и стоимость'!$F$71,0) | ... BF23: =IF($AM$23=TRUE,'Атлант, Великан'!$B$231*'Сроки и стоимость'!$F$71,0) | BH23: под Ж/Б ступени | BI23: одномаршевая | BJ23: =AM23
AL24: двухмаршевая | AM24: FALSE | AO24: =IF($AM$24=TRUE,'Атлант, Великан'!$B$232*'Сроки и стоимость'!$F$73,0) | AP24: =IF($AM$24=TRUE,'Атлант, Великан'!$B$232*'Сроки и стоимость'!$F$73,0) | AQ24: =IF($AM$24=TRUE,'Атлант, Великан'!$B$232*'Сроки и стоимость'!$F$73,0) | AR24: =IF($AM$24=TRUE,'Атлант, Великан'!$B$232*'Сроки и стоимость'!$F$73,0) | AS24: =IF($AM$24=TRUE,'Атлант, Великан'!$B$232*'Сроки и стоимость'!$F$73,0) | AT24: =IF($AM$24=TRUE,'Атлант, Великан'!$B$232*'Сроки и стоимость'!$F$73,0) | AU24: =IF($AM$24=TRUE,'Атлант, Великан'!$B$232*'Сроки и стоимость'!$F$73,0) | AV24: =IF($AM$24=TRUE,'Атлант, Великан'!$B$232*'Сроки и стоимость'!$F$73,0) | ... BF24: =IF($AM$24=TRUE,'Атлант, Великан'!$B$232*'Сроки и стоимость'!$F$73,0) | BI24: двухмаршевая | BJ24: =AM24
AL25: трехмаршевая | AM25: FALSE | AO25: =IF($AM$25=TRUE,'Атлант, Великан'!$B$233*'Сроки и стоимость'!$F$75,0) | AP25: =IF($AM$25=TRUE,'Атлант, Великан'!$B$233*'Сроки и стоимость'!$F$75,0) | AQ25: =IF($AM$25=TRUE,'Атлант, Великан'!$B$233*'Сроки и стоимость'!$F$75,0) | AR25: =IF($AM$25=TRUE,'Атлант, Великан'!$B$233*'Сроки и стоимость'!$F$75,0) | AS25: =IF($AM$25=TRUE,'Атлант, Великан'!$B$233*'Сроки и стоимость'!$F$75,0) | AT25: =IF($AM$25=TRUE,'Атлант, Великан'!$B$233*'Сроки и стоимость'!$F$75,0) | AU25: =IF($AM$25=TRUE,'Атлант, Великан'!$B$233*'Сроки и стоимость'!$F$75,0) | AV25: =IF($AM$25=TRUE,'Атлант, Великан'!$B$233*'Сроки и стоимость'!$F$75,0) | ... BF25: =IF($AM$25=TRUE,'Атлант, Великан'!$B$233*'Сроки и стоимость'!$F$75,0) | BI25: трехмаршевая | BJ25: =AM25
AL26: четырехмаршевая | AM26: FALSE | AO26: =IF($AM$26=TRUE,'Атлант, Великан'!$B$234*'Сроки и стоимость'!$F$77,0) | AP26: =IF($AM$26=TRUE,'Атлант, Великан'!$B$234*'Сроки и стоимость'!$F$77,0) | AQ26: =IF($AM$26=TRUE,'Атлант, Великан'!$B$234*'Сроки и стоимость'!$F$77,0) | AR26: =IF($AM$26=TRUE,'Атлант, Великан'!$B$234*'Сроки и стоимость'!$F$77,0) | AS26: =IF($AM$26=TRUE,'Атлант, Великан'!$B$234*'Сроки и стоимость'!$F$77,0) | AT26: =IF($AM$26=TRUE,'Атлант, Великан'!$B$234*'Сроки и стоимость'!$F$77,0) | AU26: =IF($AM$26=TRUE,'Атлант, Великан'!$B$234*'Сроки и стоимость'!$F$77,0) | AV26: =IF($AM$26=TRUE,'Атлант, Великан'!$B$234*'Сроки и стоимость'!$F$77,0) | ... BF26: =IF($AM$26=TRUE,'Атлант, Великан'!$B$234*'Сроки и стоимость'!$F$77,0) | BI26: четырехмаршевая | BJ26: =AM26
AK27: с металлическими ступенями | AL27: одномаршевая | AM27: FALSE | AO27: =IF($AM$27=TRUE,'Атлант, Великан'!$B$236*'Сроки и стоимость'!$N$71,0) | AP27: =IF($AM$27=TRUE,'Атлант, Великан'!$B$236*'Сроки и стоимость'!$N$71,0) | AQ27: =IF($AM$27=TRUE,'Атлант, Великан'!$B$236*'Сроки и стоимость'!$N$71,0) | AR27: =IF($AM$27=TRUE,'Атлант, Великан'!$B$236*'Сроки и стоимость'!$N$71,0) | AS27: =IF($AM$27=TRUE,'Атлант, Великан'!$B$236*'Сроки и стоимость'!$N$71,0) | AT27: =IF($AM$27=TRUE,'Атлант, Великан'!$B$236*'Сроки и стоимость'!$N$71,0) | AU27: =IF($AM$27=TRUE,'Атлант, Великан'!$B$236*'Сроки и стоимость'!$N$71,0) | AV27: =IF($AM$27=TRUE,'Атлант, Великан'!$B$236*'Сроки и стоимость'!$N$71,0) | ... BF27: =IF($AM$27=TRUE,'Атлант, Великан'!$B$236*'Сроки и стоимость'!$N$71,0) | BH27: с металлическими ступенями | BI27: одномаршевая | BJ27: =AM27
AL28: двухмаршевая | AM28: FALSE | AO28: =IF($AM$28=TRUE,'Атлант, Великан'!$B$237*'Сроки и стоимость'!$N$73,0) | AP28: =IF($AM$28=TRUE,'Атлант, Великан'!$B$237*'Сроки и стоимость'!$N$73,0) | AQ28: =IF($AM$28=TRUE,'Атлант, Великан'!$B$237*'Сроки и стоимость'!$N$73,0) | AR28: =IF($AM$28=TRUE,'Атлант, Великан'!$B$237*'Сроки и стоимость'!$N$73,0) | AS28: =IF($AM$28=TRUE,'Атлант, Великан'!$B$237*'Сроки и стоимость'!$N$73,0) | AT28: =IF($AM$28=TRUE,'Атлант, Великан'!$B$237*'Сроки и стоимость'!$N$73,0) | AU28: =IF($AM$28=TRUE,'Атлант, Великан'!$B$237*'Сроки и стоимость'!$N$73,0) | AV28: =IF($AM$28=TRUE,'Атлант, Великан'!$B$237*'Сроки и стоимость'!$N$73,0) | ... BF28: =IF($AM$28=TRUE,'Атлант, Великан'!$B$237*'Сроки и стоимость'!$N$73,0) | BI28: двухмаршевая | BJ28: =AM28
AL29: трехмаршевая | AM29: FALSE | AO29: =IF($AM$29=TRUE,'Атлант, Великан'!$B$238*'Сроки и стоимость'!$N$75,0) | AP29: =IF($AM$29=TRUE,'Атлант, Великан'!$B$238*'Сроки и стоимость'!$N$75,0) | AQ29: =IF($AM$29=TRUE,'Атлант, Великан'!$B$238*'Сроки и стоимость'!$N$75,0) | AR29: =IF($AM$29=TRUE,'Атлант, Великан'!$B$238*'Сроки и стоимость'!$N$75,0) | AS29: =IF($AM$29=TRUE,'Атлант, Великан'!$B$238*'Сроки и стоимость'!$N$75,0) | AT29: =IF($AM$29=TRUE,'Атлант, Великан'!$B$238*'Сроки и стоимость'!$N$75,0) | AU29: =IF($AM$29=TRUE,'Атлант, Великан'!$B$238*'Сроки и стоимость'!$N$75,0) | AV29: =IF($AM$29=TRUE,'Атлант, Великан'!$B$238*'Сроки и стоимость'!$N$75,0) | ... BF29: =IF($AM$29=TRUE,'Атлант, Великан'!$B$238*'Сроки и стоимость'!$N$75,0) | BI29: трехмаршевая | BJ29: =AM29
AL30: четырехмаршевая | AM30: FALSE | AO30: =IF($AM$30=TRUE,'Атлант, Великан'!$B$239*'Сроки и стоимость'!$N$77,0) | AP30: =IF($AM$30=TRUE,'Атлант, Великан'!$B$239*'Сроки и стоимость'!$N$77,0) | AQ30: =IF($AM$30=TRUE,'Атлант, Великан'!$B$239*'Сроки и стоимость'!$N$77,0) | AR30: =IF($AM$30=TRUE,'Атлант, Великан'!$B$239*'Сроки и стоимость'!$N$77,0) | AS30: =IF($AM$30=TRUE,'Атлант, Великан'!$B$239*'Сроки и стоимость'!$N$77,0) | AT30: =IF($AM$30=TRUE,'Атлант, Великан'!$B$239*'Сроки и стоимость'!$N$77,0) | AU30: =IF($AM$30=TRUE,'Атлант, Великан'!$B$239*'Сроки и стоимость'!$N$77,0) | AV30: =IF($AM$30=TRUE,'Атлант, Великан'!$B$239*'Сроки и стоимость'!$N$77,0) | ... BF30: =IF($AM$30=TRUE,'Атлант, Великан'!$B$239*'Сроки и стоимость'!$N$77,0) | BI30: четырехмаршевая | BJ30: =AM30
AK31: ограждающие конструкции | AL31: кровля | AM31: 3 | AO31: =CHOOSE($AM$31,'Атлант, Великан'!$B$285,'Атлант, Великан'!$B$284,'Атлант, Великан'!$B$285,'Атлант, Великан'!$B$285) | AP31: =CHOOSE($AM$31,'Атлант, Великан'!$B$285,'Атлант, Великан'!$B$284,'Атлант, Великан'!$B$285,'Атлант, Великан'!$B$285) | AQ31: =CHOOSE($AM$31,'Атлант, Великан'!$B$285,'Атлант, Великан'!$B$284,'Атлант, Великан'!$B$285,'Атлант, Великан'!$B$285) | AR31: =CHOOSE($AM$31,'Атлант, Великан'!$B$285,'Атлант, Великан'!$B$284,'Атлант, Великан'!$B$285,'Атлант, Великан'!$B$285) | AS31: =CHOOSE($AM$31,'Атлант, Великан'!$B$285,'Атлант, Великан'!$B$284,'Атлант, Великан'!$B$285,'Атлант, Великан'!$B$285) | AT31: =CHOOSE($AM$31,'Атлант, Великан'!$B$285,'Атлант, Великан'!$B$284,'Атлант, Великан'!$B$285,'Атлант, Великан'!$B$285) | AU31: =CHOOSE($AM$31,'Атлант, Великан'!$B$285,'Атлант, Великан'!$B$284,'Атлант, Великан'!$B$285,'Атлант, Великан'!$B$285) | AV31: =CHOOSE($AM$31,'Атлант, Великан'!$B$285,'Атлант, Великан'!$B$284,'Атлант, Великан'!$B$285,'Атлант, Великан'!$B$285) | ... BF31: =CHOOSE($AM$31,'Атлант, Великан'!$B$285,'Атлант, Великан'!$B$284,'Атлант, Великан'!$B$285,'Атлант, Великан'!$B$285) | BH31: ограждающие конструкции | BI31: кровля | BJ31: =AM31 | BL31: ='Атлант, Великан'!$L$476 | BM31: ='Атлант, Великан'!$L$476 | BN31: ='Атлант, Великан'!$L$476 | BO31: ='Атлант, Великан'!$L$476 | BP31: ='Атлант, Великан'!$L$476 | BQ31: ='Атлант, Великан'!$L$476 | BR31: ='Атлант, Великан'!$L$476 | BS31: ='Атлант, Великан'!$L$476 | ... CC31: ='Атлант, Великан'!$L$476
BJ32: =AM32
D33: 1 | AL33: снегозадержание | AM33: FALSE | AO33: =IF($AM$33=TRUE,'Атлант, Великан'!$B$289,0) | AP33: =IF($AM$33=TRUE,'Атлант, Великан'!$B$289,0) | AQ33: =IF($AM$33=TRUE,'Атлант, Великан'!$B$289,0) | AR33: =IF($AM$33=TRUE,'Атлант, Великан'!$B$289,0) | AS33: =IF($AM$33=TRUE,'Атлант, Великан'!$B$289,0) | AT33: =IF($AM$33=TRUE,'Атлант, Великан'!$B$289,0) | AU33: =IF($AM$33=TRUE,'Атлант, Великан'!$B$289,0) | AV33: =IF($AM$33=TRUE,'Атлант, Великан'!$B$289,0) | ... BF33: =IF($AM$33=TRUE,'Атлант, Великан'!$B$289,0) | BI33: снегозадержание | BJ33: =AM33 | BL33: =IF($BJ$33=FALSE,0,'Атлант, Великан'!$B$546) | BM33: =IF($BJ$33=FALSE,0,'Атлант, Великан'!$B$546) | BN33: =IF($BJ$33=FALSE,0,'Атлант, Великан'!$B$546) | BO33: =IF($BJ$33=FALSE,0,'Атлант, Великан'!$B$546) | BP33: =IF($BJ$33=FALSE,0,'Атлант, Великан'!$B$546) | BQ33: =IF($BJ$33=FALSE,0,'Атлант, Великан'!$B$546) | BR33: =IF($BJ$33=FALSE,0,'Атлант, Великан'!$B$546) | BS33: =IF($BJ$33=FALSE,0,'Атлант, Великан'!$B$546) | ... CC33: =IF($BJ$33=FALSE,0,'Атлант, Великан'!$B$546)
AL34: ограждение кровли | AM34: FALSE | AO34: =IF($AM$34=TRUE,'Атлант, Великан'!$B$287,0) | AP34: =IF($AM$34=TRUE,'Атлант, Великан'!$B$287,0) | AQ34: =IF($AM$34=TRUE,'Атлант, Великан'!$B$287,0) | AR34: =IF($AM$34=TRUE,'Атлант, Великан'!$B$287,0) | AS34: =IF($AM$34=TRUE,'Атлант, Великан'!$B$287,0) | AT34: =IF($AM$34=TRUE,'Атлант, Великан'!$B$287,0) | AU34: =IF($AM$34=TRUE,'Атлант, Великан'!$B$287,0) | AV34: =IF($AM$34=TRUE,'Атлант, Великан'!$B$287,0) | ... BF34: =IF($AM$34=TRUE,'Атлант, Великан'!$B$287,0) | BI34: ограждение кровли | BJ34: =AM34 | BL34: =IF($BJ$34=FALSE,0,'Атлант, Великан'!$B$544) | BM34: =IF($BJ$34=FALSE,0,'Атлант, Великан'!$B$544) | BN34: =IF($BJ$34=FALSE,0,'Атлант, Великан'!$B$544) | BO34: =IF($BJ$34=FALSE,0,'Атлант, Великан'!$B$544) | BP34: =IF($BJ$34=FALSE,0,'Атлант, Великан'!$B$544) | BQ34: =IF($BJ$34=FALSE,0,'Атлант, Великан'!$B$544) | BR34: =IF($BJ$34=FALSE,0,'Атлант, Великан'!$B$544) | BS34: =IF($BJ$34=FALSE,0,'Атлант, Великан'!$B$544) | ... CC34: =IF($BJ$34=FALSE,0,'Атлант, Великан'!$B$544)
B35: 12 | BJ35: =AM35
AL36: стены | AM36: 3 | AO36: ='Атлант, Великан'!$L$183 | AP36: ='Атлант, Великан'!$L$183 | AQ36: ='Атлант, Великан'!$L$183 | AR36: ='Атлант, Великан'!$L$183 | AS36: ='Атлант, Великан'!$L$183 | AT36: ='Атлант, Великан'!$L$183 | AU36: ='Атлант, Великан'!$L$183 | AV36: ='Атлант, Великан'!$L$183 | ... BF36: ='Атлант, Великан'!$L$183 | BI36: стены | BJ36: =AM36 | BL36: ='Атлант, Великан'!$L$481 | BM36: ='Атлант, Великан'!$L$481 | BN36: ='Атлант, Великан'!$L$481 | BO36: ='Атлант, Великан'!$L$481 | BP36: ='Атлант, Великан'!$L$481 | BQ36: ='Атлант, Великан'!$L$481 | BR36: ='Атлант, Великан'!$L$481 | BS36: ='Атлант, Великан'!$L$481 | ... CC36: ='Атлант, Великан'!$L$481
AL37: толщина стен | AM37: 2 | BI37: толщина стен | BJ37: =AM37
B38: 24.3 | AL38: наличие окон | AM38: TRUE | AO38: ='Атлант, Великан'!$L$191 | AP38: ='Атлант, Великан'!$L$191 | AQ38: ='Атлант, Великан'!$L$191 | AR38: ='Атлант, Великан'!$L$191 | AS38: ='Атлант, Великан'!$L$191 | AT38: ='Атлант, Великан'!$L$191 | AU38: ='Атлант, Великан'!$L$191 | AV38: ='Атлант, Великан'!$L$191 | ... BF38: ='Атлант, Великан'!$L$191 | BI38: наличие окон | BJ38: =AM38 | BL38: ='Атлант, Великан'!$G$502 | BM38: ='Атлант, Великан'!$G$502 | BN38: ='Атлант, Великан'!$G$502 | BO38: ='Атлант, Великан'!$G$502 | BP38: ='Атлант, Великан'!$G$502 | BQ38: ='Атлант, Великан'!$G$502 | BR38: ='Атлант, Великан'!$G$502 | BS38: ='Атлант, Великан'!$G$502 | ... CC38: ='Атлант, Великан'!$G$502
BJ39: =AM39
B40: 6.075 | AL40: наличие ворот | AM40: FALSE | AO40: ='Атлант, Великан'!$H$220 | AP40: ='Атлант, Великан'!$H$220 | AQ40: ='Атлант, Великан'!$H$220 | AR40: ='Атлант, Великан'!$H$220 | AS40: ='Атлант, Великан'!$H$220 | AT40: ='Атлант, Великан'!$H$220 | AU40: ='Атлант, Великан'!$H$220 | AV40: ='Атлант, Великан'!$H$220 | ... BF40: ='Атлант, Великан'!$H$220 | BI40: наличие ворот | BJ40: =AM40 | BL40: ='Атлант, Великан'!$G$508 | BM40: ='Атлант, Великан'!$G$508 | BN40: ='Атлант, Великан'!$G$508 | BO40: ='Атлант, Великан'!$G$508 | BP40: ='Атлант, Великан'!$G$508 | BQ40: ='Атлант, Великан'!$G$508 | BR40: ='Атлант, Великан'!$G$508 | BS40: ='Атлант, Великан'!$G$508 | ... CC40: ='Атлант, Великан'!$G$508
AL41: наличие дверей | AM41: TRUE | AO41: ='Атлант, Великан'!$L$194 | AP41: ='Атлант, Великан'!$L$194 | AQ41: ='Атлант, Великан'!$L$194 | AR41: ='Атлант, Великан'!$L$194 | AS41: ='Атлант, Великан'!$L$194 | AT41: ='Атлант, Великан'!$L$194 | AU41: ='Атлант, Великан'!$L$194 | AV41: ='Атлант, Великан'!$L$194 | ... BF41: ='Атлант, Великан'!$L$194 | BI41: наличие дверей | BJ41: =AM41 | BL41: ='Атлант, Великан'!$G$505 | BM41: ='Атлант, Великан'!$G$505 | BN41: ='Атлант, Великан'!$G$505 | BO41: ='Атлант, Великан'!$G$505 | BP41: ='Атлант, Великан'!$G$505 | BQ41: ='Атлант, Великан'!$G$505 | BR41: ='Атлант, Великан'!$G$505 | BS41: ='Атлант, Великан'!$G$505 | ... CC41: ='Атлант, Великан'!$G$505
AK42: перегородки | AL42: гвл | AM42: TRUE | AO42: ='Атлант, Великан'!$I$276 | AP42: ='Атлант, Великан'!$I$276 | AQ42: ='Атлант, Великан'!$I$276 | AR42: ='Атлант, Великан'!$I$276 | AS42: ='Атлант, Великан'!$I$276 | AT42: ='Атлант, Великан'!$I$276 | AU42: ='Атлант, Великан'!$I$276 | AV42: ='Атлант, Великан'!$I$276 | ... BF42: ='Атлант, Великан'!$I$276 | BH42: перегородки | BI42: гвл | BJ42: =AM42 | BL42: ='Атлант, Великан'!$I$537 | BM42: ='Атлант, Великан'!$I$537 | BN42: ='Атлант, Великан'!$I$537 | BO42: ='Атлант, Великан'!$I$537 | BP42: ='Атлант, Великан'!$I$537 | BQ42: ='Атлант, Великан'!$I$537 | BR42: ='Атлант, Великан'!$I$537 | BS42: ='Атлант, Великан'!$I$537 | ... CC42: ='Атлант, Великан'!$I$537
F43: 3.15 | AL43: сендвич-панели послойной сборки | AM43: FALSE | AO43: ='Атлант, Великан'!$I$268 | AP43: ='Атлант, Великан'!$I$268 | AQ43: ='Атлант, Великан'!$I$268 | AR43: ='Атлант, Великан'!$I$268 | AS43: ='Атлант, Великан'!$I$268 | AT43: ='Атлант, Великан'!$I$268 | AU43: ='Атлант, Великан'!$I$268 | AV43: ='Атлант, Великан'!$I$268 | ... BF43: ='Атлант, Великан'!$I$268 | BI43: сендвич-панели послойной сборки | BJ43: =AM43 | BL43: ='Атлант, Великан'!$I$532 | BM43: ='Атлант, Великан'!$I$532 | BN43: ='Атлант, Великан'!$I$532 | BO43: ='Атлант, Великан'!$I$532 | BP43: ='Атлант, Великан'!$I$532 | BQ43: ='Атлант, Великан'!$I$532 | BR43: ='Атлант, Великан'!$I$532 | BS43: ='Атлант, Великан'!$I$532 | ... CC43: ='Атлант, Великан'!$I$532
AL44: сендвич-панели заводского изготовления | AM44: FALSE | AO44: ='Атлант, Великан'!$I$260 | AP44: ='Атлант, Великан'!$I$260 | AQ44: ='Атлант, Великан'!$I$260 | AR44: ='Атлант, Великан'!$I$260 | AS44: ='Атлант, Великан'!$I$260 | AT44: ='Атлант, Великан'!$I$260 | AU44: ='Атлант, Великан'!$I$260 | AV44: ='Атлант, Великан'!$I$260 | ... BF44: ='Атлант, Великан'!$I$260 | BI44: сендвич-панели заводского изготовления | BJ44: =AM44 | BL44: ='Атлант, Великан'!$I$527 | BM44: ='Атлант, Великан'!$I$527 | BN44: ='Атлант, Великан'!$I$527 | BO44: ='Атлант, Великан'!$I$527 | BP44: ='Атлант, Великан'!$I$527 | BQ44: ='Атлант, Великан'!$I$527 | BR44: ='Атлант, Великан'!$I$527 | BS44: ='Атлант, Великан'!$I$527 | ... CC44: ='Атлант, Великан'!$I$527
AK45: проемы в перегородках | AL45: окна двери | AM45: TRUE | BH45: проемы в перегородках | BI45: окна двери | BJ45: =AM45
AL46: ворота | AM46: FALSE | BI46: ворота | BJ46: =AM46
AL47: за пролеты по ширине | AO47: =Спринт!H8 | AP47: =Спринт!H44 | AQ47: =Спринт!H20 | AR47: =Спринт!H56 | AS47: ='Атлант, Великан'!N135 | AT47: ='Атлант, Великан'!N135 | AU47: ='Атлант, Великан'!N135 | AV47: ='Атлант, Великан'!N135 | AW47: ='Атлант, Великан'!N144 | AX47: ='Атлант, Великан'!N144 | AY47: ='Атлант, Великан'!N144 | AZ47: ='Атлант, Великан'!N144 | BA47: ='Атлант, Великан'!N153 | BB47: ='Атлант, Великан'!N153 | BC47: ='Атлант, Великан'!N153 | BD47: ='Атлант, Великан'!N153 | BE47: =Спринт!H32 | BF47: =Спринт!H68 | BI47: за пролеты по ширине | BJ47: =AM47
AL48: за длину | AO48: =Спринт!H76 | AP48: =Спринт!H76 | AQ48: =Спринт!H76 | AR48: =Спринт!H76 | AS48: ='Атлант, Великан'!I159 | AT48: ='Атлант, Великан'!I159 | AU48: ='Атлант, Великан'!I159 | AV48: ='Атлант, Великан'!I159 | AW48: ='Атлант, Великан'!I159 | AX48: ='Атлант, Великан'!I159 | AY48: ='Атлант, Великан'!I159 | AZ48: ='Атлант, Великан'!I159 | BA48: ='Атлант, Великан'!I159 | BB48: ='Атлант, Великан'!I159 | BC48: ='Атлант, Великан'!I159 | BD48: ='Атлант, Великан'!I159 | BE48: =Спринт!H76 | BF48: =Спринт!H76 | BI48: за длину | BJ48: =AM48
BJ49: =AM49
AL50: сейсмика глобальная | AO50: =IF($AM$6=1,1,'Атлант, Великан'!$B$169) | AP50: =IF($AM$6=1,1,'Атлант, Великан'!$B$169) | AQ50: =IF($AM$6=1,1,'Атлант, Великан'!$B$169) | AR50: =IF($AM$6=1,1,'Атлант, Великан'!$B$169) | AS50: =IF($AM$6=1,1,'Атлант, Великан'!$B$169) | AT50: =IF($AM$6=1,1,'Атлант, Великан'!$B$169) | AU50: =IF($AM$6=1,1,'Атлант, Великан'!$B$169) | AV50: =IF($AM$6=1,1,'Атлант, Великан'!$B$169) | ... BF50: =IF($AM$6=1,1,'Атлант, Великан'!$B$169) | BI50: сейсмика глобальная | BJ50: =AM50 | BL50: 1 | BM50: 1 | BN50: 1 | BO50: 1 | BP50: 1 | BQ50: 1 | BR50: 1 | BS50: 1 | BT50: 1 | BU50: 1 | BV50: 1 | BW50: 1 | BX50: 1 | BY50: 1 | BZ50: 1 | CA50: 1 | CB50: 1 | CC50: 1
W51: 13 | BJ51: =AM51
BJ52: =AM52
W53: 3 | AK53: перекрытие | AL53: по ширине | AO53: ='Атлант, Великан'!$N$246 | AP53: ='Атлант, Великан'!$N$246 | AQ53: ='Атлант, Великан'!$N$246 | AR53: ='Атлант, Великан'!$N$246 | AS53: ='Атлант, Великан'!$N$246 | AT53: ='Атлант, Великан'!$N$246 | AU53: ='Атлант, Великан'!$N$246 | AV53: ='Атлант, Великан'!$N$246 | ... BF53: ='Атлант, Великан'!$N$246 | BH53: перекрытие | BI53: по ширине | BJ53: =AM53
AL54: по длине | AO54: ='Атлант, Великан'!$J$249 | AP54: ='Атлант, Великан'!$J$249 | AQ54: ='Атлант, Великан'!$J$249 | AR54: ='Атлант, Великан'!$J$249 | AS54: ='Атлант, Великан'!$J$249 | AT54: ='Атлант, Великан'!$J$249 | AU54: ='Атлант, Великан'!$J$249 | AV54: ='Атлант, Великан'!$J$249 | ... BF54: ='Атлант, Великан'!$J$249 | BI54: по длине | BJ54: =AM54
AK55: антресоли | AL55: по ширине | AO55: ='Атлант, Великан'!$L$255 | AP55: ='Атлант, Великан'!$L$255 | AQ55: ='Атлант, Великан'!$L$255 | AR55: ='Атлант, Великан'!$L$255 | AS55: ='Атлант, Великан'!$L$255 | AT55: ='Атлант, Великан'!$L$255 | AU55: ='Атлант, Великан'!$L$255 | AV55: ='Атлант, Великан'!$L$255 | ... BF55: ='Атлант, Великан'!$L$255 | BH55: антресоли | BI55: по ширине | BJ55: =AM55
AL56: по длине | AO56: ='Атлант, Великан'!$L$258 | AP56: ='Атлант, Великан'!$L$258 | AQ56: ='Атлант, Великан'!$L$258 | AR56: ='Атлант, Великан'!$L$258 | AS56: ='Атлант, Великан'!$L$258 | AT56: ='Атлант, Великан'!$L$258 | AU56: ='Атлант, Великан'!$L$258 | AV56: ='Атлант, Великан'!$L$258 | ... BF56: ='Атлант, Великан'!$L$258 | BI56: по длине | BJ56: =AM56
BJ57: =AM57
AL58: за высоту | AO58: =Спринт!H12 | AP58: =Спринт!H48 | AQ58: =Спринт!H24 | AR58: =Спринт!H60 | AS58: =IF($D$33<=1,'Атлант, Великан'!$J$11,'Атлант, Великан'!$J$46) | AT58: =IF($D$33<=1,'Атлант, Великан'!$J$26,'Атлант, Великан'!$J$71) | AU58: =IF($D$33<=1,'Атлант, Великан'!$J$94,'Атлант, Великан'!$J$95) | AV58: =IF($D$33<=1,'Атлант, Великан'!$J$118,'Атлант, Великан'!$J$119) | AW58: =IF($D$33<=1,'Атлант, Великан'!$J$11,'Атлант, Великан'!$J$46) | AX58: =IF($D$33<=1,'Атлант, Великан'!$J$26,'Атлант, Великан'!$J$71) | AY58: =IF($D$33<=1,'Атлант, Великан'!$J$94,'Атлант, Великан'!$J$95) | AZ58: =IF($D$33<=1,'Атлант, Великан'!$J$118,'Атлант, Великан'!$J$119) | BA58: =IF($D$33<=1,'Атлант, Великан'!$J$11,'Атлант, Великан'!$J$46) | BB58: =IF($D$33<=1,'Атлант, Великан'!$J$26,'Атлант, Великан'!$J$71) | BC58: =IF($D$33<=1,'Атлант, Великан'!$J$94,'Атлант, Великан'!$J$95) | BD58: =IF($D$33<=1,'Атлант, Великан'!$J$118,'Атлант, Великан'!$J$119) | BE58: =Спринт!H36 | BF58: =Спринт!H72 | BI58: за высоту | BJ58: =AM58
AK59: парапет | AL59: по продольной стороне | AM59: 3 | AO59: ='Атлант, Великан'!$K$225 | AP59: ='Атлант, Великан'!$K$225 | AQ59: ='Атлант, Великан'!$K$225 | AR59: ='Атлант, Великан'!$K$225 | AS59: ='Атлант, Великан'!$K$225 | AT59: ='Атлант, Великан'!$K$225 | AU59: ='Атлант, Великан'!$K$225 | AV59: ='Атлант, Великан'!$K$225 | ... BF59: ='Атлант, Великан'!$K$225 | BH59: парапет | BI59: по продольной стороне | BJ59: =AM59 | BL59: ='Атлант, Великан'!$M$512 | BM59: ='Атлант, Великан'!$M$512 | BN59: ='Атлант, Великан'!$M$512 | BO59: ='Атлант, Великан'!$M$512 | BP59: ='Атлант, Великан'!$M$512 | BQ59: ='Атлант, Великан'!$M$512 | BR59: ='Атлант, Великан'!$M$512 | BS59: ='Атлант, Великан'!$M$512 | ... CC59: ='Атлант, Великан'!$M$512
AL60: в торце | AM60: 3 | AO60: ='Атлант, Великан'!$K$226 | AP60: ='Атлант, Великан'!$K$226 | AQ60: ='Атлант, Великан'!$K$226 | AR60: ='Атлант, Великан'!$K$226 | AS60: ='Атлант, Великан'!$K$226 | AT60: ='Атлант, Великан'!$K$226 | AU60: ='Атлант, Великан'!$K$226 | AV60: ='Атлант, Великан'!$K$226 | ... BF60: ='Атлант, Великан'!$K$226 | BI60: в торце | BJ60: =AM60
W61: 3 | AL61: вынос | AM61: FALSE | BI61: вынос | BJ61: =AM61
W62: 2 | BJ62: =AM62
W63: 2 | AL63: степень огнестойкости здания | AM63: 1 | BI63: степень огнестойкости здания | BJ63: =AM63
BJ64: =AM64
AL65: этажи перекрытия | AM65: FALSE | AO65: ='Атлант, Великан'!$G$291 | AP65: ='Атлант, Великан'!$G$291 | AQ65: ='Атлант, Великан'!$G$291 | AR65: ='Атлант, Великан'!$G$291 | AS65: ='Атлант, Великан'!$G$291 | AT65: ='Атлант, Великан'!$G$291 | AU65: ='Атлант, Великан'!$G$291 | AV65: ='Атлант, Великан'!$G$291 | ... BF65: ='Атлант, Великан'!$G$291 | BI65: этажи перекрытия | BJ65: =AM65
AL66: этажи антресоли 1 | AM66: FALSE | AO66: ='Атлант, Великан'!$G$292 | AP66: ='Атлант, Великан'!$G$292 | AQ66: ='Атлант, Великан'!$G$292 | AR66: ='Атлант, Великан'!$G$292 | AS66: ='Атлант, Великан'!$G$292 | AT66: ='Атлант, Великан'!$G$292 | AU66: ='Атлант, Великан'!$G$292 | AV66: ='Атлант, Великан'!$G$292 | ... BF66: ='Атлант, Великан'!$G$292 | BI66: этажи антресоли 1 | BJ66: =AM66
AL67: этажи антресоли 2 | AM67: FALSE | AO67: ='Атлант, Великан'!$G$293 | AP67: ='Атлант, Великан'!$G$293 | AQ67: ='Атлант, Великан'!$G$293 | AR67: ='Атлант, Великан'!$G$293 | AS67: ='Атлант, Великан'!$G$293 | AT67: ='Атлант, Великан'!$G$293 | AU67: ='Атлант, Великан'!$G$293 | AV67: ='Атлант, Великан'!$G$293 | ... BF67: ='Атлант, Великан'!$G$293 | BI67: этажи антресоли 2 | BJ67: =AM67
AL68: этажи антресоли 3 | AM68: FALSE | AO68: ='Атлант, Великан'!$G$294 | AP68: ='Атлант, Великан'!$G$294 | AQ68: ='Атлант, Великан'!$G$294 | AR68: ='Атлант, Великан'!$G$294 | AS68: ='Атлант, Великан'!$G$294 | AT68: ='Атлант, Великан'!$G$294 | AU68: ='Атлант, Великан'!$G$294 | AV68: ='Атлант, Великан'!$G$294 | ... BF68: ='Атлант, Великан'!$G$294 | BI68: этажи антресоли 3 | BJ68: =AM68
AL69: расположение с-п ограждения | AM69: 1 | BI69: расположение с-п ограждения | BJ69: =AM69
AL70: наличие водосточной системы | AM70: FALSE | BI70: наличие водосточной системы | BJ70: =AM70 | BK70: =IF($BJ$70=FALSE,0,'Атлант, Великан'!$B$542) | BL70: =IF($BJ$70=FALSE,0,'Атлант, Великан'!$B$542) | BM70: =IF($BJ$70=FALSE,0,'Атлант, Великан'!$B$542) | BN70: =IF($BJ$70=FALSE,0,'Атлант, Великан'!$B$542) | BO70: =IF($BJ$70=FALSE,0,'Атлант, Великан'!$B$542) | BP70: =IF($BJ$70=FALSE,0,'Атлант, Великан'!$B$542) | BQ70: =IF($BJ$70=FALSE,0,'Атлант, Великан'!$B$542) | BR70: =IF($BJ$70=FALSE,0,'Атлант, Великан'!$B$542) | ... CC70: =IF($BJ$70=FALSE,0,'Атлант, Великан'!$B$542)
AO77: =IF($AM$8=TRUE,SUM(AO4,AO6,AO12:AO18,AO20,AO23:AO31,AO33:AO34,AO36,AO38,AO40:AO44,AO47:AO48,AO53:AO56,AO58:AO60,AO65:AO68,AO10),0) | AP77: =IF($AM$8=TRUE,SUM(AP4,AP6,AP12:AP18,AP20,AP23:AP31,AP33:AP34,AP36,AP38,AP40:AP44,AP47:AP48,AP53:AP56,AP58:AP60,AP65:AP68,AP10),0) | AQ77: =IF($AM$8=TRUE,SUM(AQ4,AQ6,AQ12:AQ18,AQ20,AQ23:AQ31,AQ33:AQ34,AQ36,AQ38,AQ40:AQ44,AQ47:AQ48,AQ53:AQ56,AQ58:AQ60,AQ65:AQ68,AQ10),0) | AR77: =IF($AM$8=TRUE,SUM(AR4,AR6,AR12:AR18,AR20,AR23:AR31,AR33:AR34,AR36,AR38,AR40:AR44,AR47:AR48,AR53:AR56,AR58:AR60,AR65:AR68,AR10),0) | AS77: =IF($AM$8=TRUE,SUM(AS4,AS6,AS12:AS18,AS20,AS23:AS31,AS33:AS34,AS36,AS38,AS40:AS44,AS47:AS48,AS53:AS56,AS58:AS60,AS65:AS68,AS10),0) | AT77: =IF($AM$8=TRUE,SUM(AT4,AT6,AT12:AT18,AT20,AT23:AT31,AT33:AT34,AT36,AT38,AT40:AT44,AT47:AT48,AT53:AT56,AT58:AT60,AT65:AT68,AT10),0) | AU77: =IF($AM$8=TRUE,SUM(AU4,AU6,AU12:AU18,AU20,AU23:AU31,AU33:AU34,AU36,AU38,AU40:AU44,AU47:AU48,AU53:AU56,AU58:AU60,AU65:AU68,AU10),0) | AV77: =IF($AM$8=TRUE,SUM(AV4,AV6,AV12:AV18,AV20,AV23:AV31,AV33:AV34,AV36,AV38,AV40:AV44,AV47:AV48,AV53:AV56,AV58:AV60,AV65:AV68,AV10),0) | ... BF77: =IF($AM$8=TRUE,SUM(BF4,BF6,BF12:BF18,BF20,BF23:BF31,BF33:BF34,BF36,BF38,BF40:BF44,BF47:BF48,BF53:BF56,BF58:BF60,BF65:BF68,BF10),0) | BL77: =IF($AM$9=TRUE,SUM(BL4,BL6:BL49,BL51:BL70),0) | BM77: =IF($AM$9=TRUE,SUM(BM4,BM6,BM12:BM18,BM20,BM23:BM31,BM33:BM34,BM36,BM38,BM40:BM44,BM47:BM48,BM53:BM56,BM58:BM60,BM65:BM68,BM10),0) | BN77: =IF($AM$9=TRUE,SUM(BN4,BN6,BN12:BN18,BN20,BN23:BN31,BN33:BN34,BN36,BN38,BN40:BN44,BN47:BN48,BN53:BN56,BN58:BN60,BN65:BN68,BN10),0) | BO77: =IF($AM$9=TRUE,SUM(BO4,BO6,BO12:BO18,BO20,BO23:BO31,BO33:BO34,BO36,BO38,BO40:BO44,BO47:BO48,BO53:BO56,BO58:BO60,BO65:BO68,BO10),0) | BP77: =IF($AM$9=TRUE,SUM(BP4,BP6,BP12:BP18,BP20,BP23:BP31,BP33:BP34,BP36,BP38,BP40:BP44,BP47:BP48,BP53:BP56,BP58:BP60,BP65:BP68,BP10),0) | BQ77: =IF($AM$9=TRUE,SUM(BQ4,BQ6,BQ12:BQ18,BQ20,BQ23:BQ31,BQ33:BQ34,BQ36,BQ38,BQ40:BQ44,BQ47:BQ48,BQ53:BQ56,BQ58:BQ60,BQ65:BQ68,BQ10),0) | BR77: =IF($AM$9=TRUE,SUM(BR4,BR6,BR12:BR18,BR20,BR23:BR31,BR33:BR34,BR36,BR38,BR40:BR44,BR47:BR48,BR53:BR56,BR58:BR60,BR65:BR68,BR10),0) | BS77: =IF($AM$9=TRUE,SUM(BS4,BS6,BS12:BS18,BS20,BS23:BS31,BS33:BS34,BS36,BS38,BS40:BS44,BS47:BS48,BS53:BS56,BS58:BS60,BS65:BS68,BS10),0) | BT77: =IF($AM$9=TRUE,SUM(BT4,BT6,BT12:BT18,BT20,BT23:BT31,BT33:BT34,BT36,BT38,BT40:BT44,BT47:BT48,BT53:BT56,BT58:BT60,BT65:BT68,BT10),0) | ... CC77: =IF($AM$9=TRUE,SUM(CC4,CC6,CC12:CC18,CC20,CC23:CC31,CC33:CC34,CC36,CC38,CC40:CC44,CC47:CC48,CC53:CC56,CC58:CC60,CC65:CC68,CC10),0)
AL78: для всех конструктивов | AO78: =$AM$4*AO5*AO50*AO77 | AP78: =$AM$4*AP5*AP50*AP77 | AQ78: =$AM$4*AQ5*AQ50*AQ77 | AR78: =$AM$4*AR5*AR50*AR77 | AS78: =$AM$4*AS5*AS50*AS77 | AT78: =$AM$4*AT5*AT50*AT77 | AU78: =$AM$4*AU5*AU50*AU77 | AV78: =$AM$4*AV5*AV50*AV77 | ... BF78: =$AM$4*BF5*BF50*BF77 | BI78: для всех конструктивов | BL78: =$AM$4*BL5*BL50*BL77 | BM78: =$AM$4*BM5*BM50*BM77 | BN78: =$AM$4*BN5*BN50*BN77 | BO78: =$AM$4*BO5*BO50*BO77 | BP78: =$AM$4*BP5*BP50*BP77 | BQ78: =$AM$4*BQ5*BQ50*BQ77 | BR78: =$AM$4*BR5*BR50*BR77 | BS78: =$AM$4*BS5*BS50*BS77 | ... CC78: =$AM$4*CC5*CC50*CC77
AL79: Итого | AO79: =IF(AO7*AO11=0,0,$AM$4*AO5*AO50*AO77) | AP79: =IF(AP7*AP11=0,0,$AM$4*AP5*AP50*AP77) | AQ79: =IF(AQ7*AQ11=0,0,$AM$4*AQ5*AQ50*AQ77) | AR79: =IF(AR7*AR11=0,0,$AM$4*AR5*AR50*AR77) | AS79: =IF(AS7*AS11=0,0,$AM$4*AS5*AS50*AS77) | AT79: =IF(AT7*AT11=0,0,$AM$4*AT5*AT50*AT77) | AU79: =IF(AU7*AU11=0,0,$AM$4*AU5*AU50*AU77) | AV79: =IF(AV7*AV11=0,0,$AM$4*AV5*AV50*AV77) | ... BF79: =IF(BF7*BF11=0,0,$AM$4*BF5*BF50*BF77) | BI79: Итого | BL79: =IF(BL7*BL11=0,0,$AM$4*BL5*BL50*BL77) | BM79: =IF(BM7*BM11=0,0,$AM$4*BM5*BM50*BM77) | BN79: =IF(BN7*BN11=0,0,$AM$4*BN5*BN50*BN77) | BO79: =IF(BO7*BO11=0,0,$AM$4*BO5*BO50*BO77) | BP79: =IF(BP7*BP11=0,0,$AM$4*BP5*BP50*BP77) | BQ79: =IF(BQ7*BQ11=0,0,$AM$4*BQ5*BQ50*BQ77) | BR79: =IF(BR7*BR11=0,0,$AM$4*BR5*BR50*BR77) | BS79: =IF(BS7*BS11=0,0,$AM$4*BS5*BS50*BS77) | ... CC79: =IF(CC7*CC11=0,0,$AM$4*CC5*CC50*CC77)
AL80: срок | AO80: =AO79/180*20/1000 | AP80: =AP79/180*20/1000 | AQ80: =AQ79/180*20/1000 | AR80: =AR79/180*20/1000 | AS80: =AS79/180*20/1000 | AT80: =AT79/180*20/1000 | AU80: =AU79/180*20/1000 | AV80: =AV79/180*20/1000 | ... BF80: =BF79/180*20/1000 | BI80: срок | BL80: =BL79/180*20/1000 | BM80: =BM79/180*20/1000 | BN80: =BN79/180*20/1000 | BO80: =BO79/180*20/1000 | BP80: =BP79/180*20/1000 | BQ80: =BQ79/180*20/1000 | BR80: =BR79/180*20/1000 | BS80: =BS79/180*20/1000 | ... CC80: =CC79/180*20/1000
B81: 100 | C81: м2 | M81: 10
C85: м2
C88: м2

Sheet Атлант, Великан
A1: великан однопролетный двускатный каркас КМ - | B1: 1.8 | E1: =F1*B1 | F1: 80 | G1: 0,3 колонна | H1: 0,7 ферма | I1: 0,15 СГ | J1: 0,15 СВ | K1: 0,5 остальное | Y1: ферма
A3: атлант однопролетный двускатный каркас КМ - | B3: 1.6 | E3: =F3*B3 | F3: 80 | G3: 0,3 колонна | H3: 0,5 балка | I3: 0,15 СГ | J3: 0,15 СВ | K3: 0,5 остальное | Y3: балка
A5: атлант-М однопролетный двускатный каркас КМ - | B5: 1.7 | E5: =F5*B5 | F5: 80 | G5: 0,25 колонна | H5: 0,65 б + зат | I5: 0,15 СГ | J5: 0,15 СВ | K5: 0,5 остальное | Y5: балка с затяжкой
A7: высота до 6 вкл - | B7: 0 | E7: =$F$1*B7 | F7: =E7+$E$1 | H7: 6 | I7: =IF('Сроки и стоимость'!$F$43<='Атлант, Великан'!H7,'Атлант, Великан'!B7,0)
A8: высота от 6 до 7 вкл - | B8: 0.25 | E8: =$F$1*B8 | F8: =E8+$E$1 | H8: 7 | I8: =IF(AND('Сроки и стоимость'!$F$43>'Атлант, Великан'!H7,'Сроки и стоимость'!$F$43<='Атлант, Великан'!H8),'Атлант, Великан'!B8,0) | Y8: за доп вертикальные связи по продольной стороне
A9: высота от 7 до 9 вкл - | B9: 0.5 | E9: =$F$1*B9 | F9: =E9+$E$1 | H9: 9 | I9: =IF(AND('Сроки и стоимость'!$F$43>'Атлант, Великан'!H8,'Сроки и стоимость'!$F$43<='Атлант, Великан'!H9),'Атлант, Великан'!B9,0) | Y9: за доп вертикальные связи по продольной стороне + распорки
A10: высота от 9 до 12 вкл - | B10: 1 | E10: =$F$1*B10 | F10: =E10+$E$1 | H10: 12 | I10: =IF(AND('Сроки и стоимость'!$F$43>'Атлант, Великан'!H9,'Сроки и стоимость'!$F$43<='Атлант, Великан'!H10),'Атлант, Великан'!B10,0) | Y10: за доп вертикальные связи по продольной стороне и торце + распорки
A11: высота от 12 - | B11: 0.75 | D11: за каждые 3 метра | E11: =$F$1*B11 | F11: =E11+$E$1 | G11: 3 | H11: 12 | I11: =IF('Сроки и стоимость'!$F$43>'Атлант, Великан'!H11,'Атлант, Великан'!B11*_xlfn.CEILING.MATH(('Сроки и стоимость'!$F$43-'Атлант, Великан'!H11)/'Атлант, Великан'!G11),0) | J11: =SUM(I7:I11) | Y11: за доп вертикальные связи
A13: кран опорный Великан, Аталант, Атлант-М - | B13: 0.75 | E13: =$F$1*B13 | F13: =E13+$E$1
A14: кран подвесной Великан, Аталант - | B14: 0.6 | E14: =$F$1*B14 | F14: =E14+$E$1
A16: великан однопролетный односкатный каркас КМ - | B16: 2 | E16: =F16*B16 | F16: 80 | Y16: за колонны и гор. и вертикальные связи
A18: атлант однопролетный односкатный каркас КМ - | B18: 1.8 | E18: =F18*B18 | F18: 80 | Y18: за колонны и гор. и вертикальные связи
A20: атлант-М однопролетный односкатный каркас КМ - | B20: 1.9 | E20: =F20*B20 | F20: 80 | Y20: за колонны и гор. и вертикальные связи
A22: высота до 4 вкл - | B22: 0 | E22: =$F$1*B22 | F22: =E22+$E$1 | H22: 4 | I22: =IF('Сроки и стоимость'!$F$43<='Атлант, Великан'!H22,'Атлант, Великан'!B22,0)
A23: высота от 4 до 6 вкл - | B23: 0.3 | E23: =$F$1*B23 | F23: =E23+$E$1 | H23: 6 | I23: =IF(AND('Сроки и стоимость'!$F$43>'Атлант, Великан'!H22,'Сроки и стоимость'!$F$43<='Атлант, Великан'!H23),'Атлант, Великан'!B23,0) | Y23: за доп вертикальные связи по продольной стороне
A24: высота от 6 до 9 вкл - | B24: 0.8 | E24: =$F$1*B24 | F24: =E24+$E$1 | H24: 9 | I24: =IF(AND('Сроки и стоимость'!$F$43>'Атлант, Великан'!H23,'Сроки и стоимость'!$F$43<='Атлант, Великан'!H24),'Атлант, Великан'!B24,0) | Y24: за доп вертикальные связи по продольной стороне + распорки
A25: высота от 9 до 12 вкл - | B25: 1.3 | E25: =$F$1*B25 | F25: =E25+$E$1 | H25: 12 | I25: =IF(AND('Сроки и стоимость'!$F$43>'Атлант, Великан'!H24,'Сроки и стоимость'!$F$43<='Атлант, Великан'!H25),'Атлант, Великан'!B25,0) | Y25: за доп вертикальные связи по продольной стороне и торце + распорки
A26: высота от 12 - | B26: 0.75 | D26: за каждые 3 метра | G26: 3 | H26: 12 | I26: =IF('Сроки и стоимость'!$F$43>'Атлант, Великан'!H26,'Атлант, Великан'!B26*_xlfn.CEILING.MATH(('Сроки и стоимость'!$F$43-'Атлант, Великан'!H26)/'Атлант, Великан'!G26),0) | J26: =SUM(I22:I26) | Y26: за доп вертикальные связи
A28: кран опорный Великан, Аталант, Атлант-М - | B28: 0.9 | E28: =$F$1*B28 | F28: =E28+$E$1 | Y28: вероятно разные сечения колонн
A29: кран подвесной Великан, Аталант - | B29: 0.7 | E29: =$F$1*B29 | F29: =E29+$E$1
A31: великан многопролетный двускатный каркас КМ - | B31: 1.8 | C31: 0.4 | D31: за каждый пролет после 1-го (за колонны) | E31: =G31*B31 | F31: =G31*C31 | G31: 80 | Y31: за колонны и гор. связи
A33: атлант многопролетный двускатный каркас КМ - | B33: 1.6 | C33: 0.4 | D33: за каждый пролет после 1-го (за колонны) | E33: =G33*B33 | F33: =G33*C33 | G33: 80 | Y33: за колонны и гор. связи
A35: атлант-М многопролетный двускатный каркас КМ - | B35: 1.7 | C35: 0.35 | D35: за каждый пролет после 1-го (за колонны) | E35: =G35*B35 | F35: =G35*C35 | G35: 80 | Y35: за колонны и гор. связи
A37: высота до 6 вкл - | B37: 0 | E37: =$F$1*B37 | F37: =E37+$E$1 | H37: 6 | I37: =IF('Сроки и стоимость'!$F$43<='Атлант, Великан'!H37,'Атлант, Великан'!B37,0)
A38: за каждый пролет - | B38: 0 | D38: -0,1+0,1*(n-1)², где n - кол-во пролетов | E38: =$F$1*B38 | F38: =E38+$E$1 | H38: 6 | I38: =IF('Сроки и стоимость'!$F$43<='Атлант, Великан'!H38,'Атлант, Великан'!B38-0.1+0.1*('Сроки и стоимость'!$D$33-1)^2,0)
A39: высота от 6 до 7 вкл - | B39: 0.25 | E39: =$F$1*B39 | F39: =E39+$E$1 | H39: 7 | I39: =IF(AND('Сроки и стоимость'!$F$43>'Атлант, Великан'!H37,'Сроки и стоимость'!$F$43<='Атлант, Великан'!H39),'Атлант, Великан'!B39,0) | Y39: за доп вертикальные связи по продольной стороне
A40: за каждый пролет - | B40: 0.15 | D40: +0,1*(n-1)², где n - кол-во пролетов | E40: =$F$1*B40 | F40: =E40+$E$1 | H40: 7 | I40: =IF(AND('Сроки и стоимость'!$F$43>'Атлант, Великан'!H38,'Сроки и стоимость'!$F$43<='Атлант, Великан'!H40),'Атлант, Великан'!B40+0.1*('Сроки и стоимость'!$D$33-1)^2,0) | Y40: за доп вертикальные связи по продольной стороне
A41: высота от 7 до 9 вкл - | B41: 0.5 | E41: =$F$1*B41 | F41: =E41+$E$1 | H41: 9 | I41: =IF(AND('Сроки и стоимость'!$F$43>'Атлант, Великан'!H39,'Сроки и стоимость'!$F$43<='Атлант, Великан'!H41),'Атлант, Великан'!B41,0) | Y41: за доп вертикальные связи по продольной стороне + распорки
A42: за каждый пролет - | B42: 0.3 | D42: +0,1*(n-1)², где n - кол-во пролетов | E42: =$F$1*B42 | F42: =E42+$E$1 | H42: 9 | I42: =IF(AND('Сроки и стоимость'!$F$43>'Атлант, Великан'!H40,'Сроки и стоимость'!$F$43<='Атлант, Великан'!H42),'Атлант, Великан'!B42+0.1*('Сроки и стоимость'!$D$33-1)^2,0) | Y42: за доп вертикальные связи по продольной стороне + распорки
A43: высота от 9 до 12 вкл - | B43: 1 | E43: =$F$1*B43 | F43: =E43+$E$1 | H43: 12 | I43: =IF(AND('Сроки и стоимость'!$F$43>'Атлант, Великан'!H41,'Сроки и стоимость'!$F$43<='Атлант, Великан'!H43),'Атлант, Великан'!B43,0) | Y43: за доп вертикальные связи по продольной стороне и торце + распорки
A44: за каждый пролет - | B44: 0.45 | D44: +0,1*(n-1)², где n - кол-во пролетов | E44: =$F$1*B44 | F44: =E44+$E$1 | H44: 12 | I44: =IF(AND('Сроки и стоимость'!$F$43>'Атлант, Великан'!H42,'Сроки и стоимость'!$F$43<='Атлант, Великан'!H44),'Атлант, Великан'!B44+0.1*('Сроки и стоимость'!$D$33-1)^2,0) | Y44: за доп вертикальные связи по продольной стороне и торце + распорки
A45: высота от 12 - | B45: 0.75 | D45: за каждые 3 метра | E45: =$F$1*B45 | F45: =E45+$E$1 | G45: 3 | H45: 12 | I45: =IF('Сроки и стоимость'!$F$43>'Атлант, Великан'!H45,'Атлант, Великан'!B45*_xlfn.CEILING.MATH(('Сроки и стоимость'!$F$43-'Атлант, Великан'!H45)/'Атлант, Великан'!G45),0) | Y45: за доп вертикальные связи + распорки
A46: за каждый пролет - | B46: 0.45 | D46: +0,1*(n-1)², где n - кол-во пролетов | E46: =$F$1*B46 | F46: =E46+$E$1 | H46: 12 | I46: =IF('Сроки и стоимость'!$F$43>'Атлант, Великан'!H46,'Атлант, Великан'!B46+0.1*('Сроки и стоимость'!$D$33-1)^2,0) | J46: =SUM(I37:I46)
A49: кран опорный в одном пролете Великан, Аталант, Атлант-М - | B49: 0.9 | E49: =$F$1*B49 | F49: =E49+$E$1 | Y49: за разные консоли под покрановые балки, разные сечения колонн
A50: за каждый пролет с краном Великан, Аталант, Атлант-М - | B50: 0.6 | E50: =$F$1*B50 | F50: =E50+$E$1
A51: за каждый пролет с другой грузоподъемностью Великан, Аталант, Атлант-М - | B51: 0.2 | E51: =$F$1*B51 | F51: =E51+$E$1
A52: кран подвесной в одном пролете Великан, Аталант - | B52: 0.7 | E52: =$F$1*B52 | F52: =E52+$E$1
A53: за каждый пролет с краном Великан, Аталант - | B53: 0.5 | E53: =$F$1*B53 | F53: =E53+$E$1
A54: за каждый пролет с другой грузоподъемностью Великан, Аталант - | B54: 0.2 | E54: =$F$1*B54 | F54: =E54+$E$1
A56: великан многопролетный односкатный каркас КМ - | B56: 2 | C56: 0.6 | D56: за каждый пролет после 1-го (за колонны) больше вероятность нового сечения колонны | E56: =G56*B56 | F56: =G56*C56 | G56: 80 | Y56: за колонны и гор. связи
A58: атлант многопролетный односкатный каркас КМ - | B58: 1.8 | C58: 0.6 | D58: за каждый пролет после 1-го (за колонны) больше вероятность нового сечения колонны | E58: =G58*B58 | F58: =G58*C58 | G58: 80 | Y58: за колонны и гор. связи
A60: атлант-М многопролетный односкатный каркас КМ - | B60: 1.9 | C60: 0.55 | D60: за каждый пролет после 1-го (за колонны) больше вероятность нового сечения колонны | E60: =G60*B60 | F60: =G60*C60 | G60: 80 | Y60: за колонны и гор. связи
A62: высота до 4 вкл - | B62: 0 | E62: =$F$1*B62 | F62: =E62+$E$1 | H62: 4 | I62: =IF('Сроки и стоимость'!$F$43<='Атлант, Великан'!H62,'Атлант, Великан'!B62,0)
A63: за каждый пролет - | B63: 0 | D63: -0,15+0,15*(n-1)², где n - кол-во пролетов | H63: 4 | I63: =IF('Сроки и стоимость'!$F$43<='Атлант, Великан'!H63,'Атлант, Великан'!B63-0.15+0.15*('Сроки и стоимость'!$D$33-1)^2,0)
A64: высота от 4 до 6 вкл - | B64: 0.25 | E64: =$F$1*B64 | F64: =E64+$E$1 | H64: 6 | I64: =IF(AND('Сроки и стоимость'!$F$43>'Атлант, Великан'!H62,'Сроки и стоимость'!$F$43<='Атлант, Великан'!H64),'Атлант, Великан'!B64,0) | Y64: за доп вертикальные связи по продольной стороне
A65: за каждый пролет - | B65: 0.15 | D65: +0,15*(n-1)², где n - кол-во пролетов | E65: =$F$1*B65 | F65: =E65+$E$1 | H65: 6 | I65: =IF(AND('Сроки и стоимость'!$F$43>'Атлант, Великан'!H63,'Сроки и стоимость'!$F$43<='Атлант, Великан'!H65),'Атлант, Великан'!B65+0.15*('Сроки и стоимость'!$D$33-1)^2,0) | Y65: за доп вертикальные связи по продольной стороне
A66: высота от 6 до 8 вкл - | B66: 0.5 | E66: =$F$1*B66 | F66: =E66+$E$1 | H66: 8 | I66: =IF(AND('Сроки и стоимость'!$F$43>'Атлант, Великан'!H64,'Сроки и стоимость'!$F$43<='Атлант, Великан'!H66),'Атлант, Великан'!B66,0) | Y66: за доп вертикальные связи по продольной стороне + распорки
A67: за каждый пролет - | B67: 0.15 | D67: +0,15*(n-1)², где n - кол-во пролетов | E67: =$F$1*B67 | F67: =E67+$E$1 | H67: 8 | I67: =IF(AND('Сроки и стоимость'!$F$43>'Атлант, Великан'!H65,'Сроки и стоимость'!$F$43<='Атлант, Великан'!H67),'Атлант, Великан'!B67+0.15*('Сроки и стоимость'!$D$33-1)^2,0) | Y67: за доп вертикальные связи по продольной стороне + распорки
A68: высота от 8 до 10 вкл - | B68: 1 | E68: =$F$1*B68 | F68: =E68+$E$1 | H68: 10 | I68: =IF(AND('Сроки и стоимость'!$F$43>'Атлант, Великан'!H66,'Сроки и стоимость'!$F$43<='Атлант, Великан'!H68),'Атлант, Великан'!B68,0) | Y68: за доп вертикальные связи по продольной стороне и торце + распорки
A69: за каждый пролет - | B69: 0.3 | D69: +0,15*(n-1)², где n - кол-во пролетов | E69: =$F$1*B69 | F69: =E69+$E$1 | H69: 10 | I69: =IF(AND('Сроки и стоимость'!$F$43>'Атлант, Великан'!H67,'Сроки и стоимость'!$F$43<='Атлант, Великан'!H69),'Атлант, Великан'!B69+0.15*('Сроки и стоимость'!$D$33-1)^2,0) | Y69: за доп вертикальные связи по продольной стороне и торце + распорки
A70: высота от 10 - | B70: 0.45 | D70: за каждые 3 метра | E70: =$F$1*B70 | F70: =E70+$E$1 | G70: 3 | H70: 10 | I70: =IF('Сроки и стоимость'!$F$43>'Атлант, Великан'!H70,'Атлант, Великан'!B70*_xlfn.CEILING.MATH(('Сроки и стоимость'!$F$43-'Атлант, Великан'!H70)/'Атлант, Великан'!G70),0) | Y70: за доп вертикальные связи + распорки
A71: за каждый пролет - | B71: 0.45 | D71: +0,15*(n-1)², где n - кол-во пролетов | E71: =$F$1*B71 | F71: =E71+$E$1 | H71: 10 | I71: =IF('Сроки и стоимость'!$F$43>'Атлант, Великан'!H71,'Атлант, Великан'!B71+0.15*('Сроки и стоимость'!$D$33-1)^2,0) | J71: =SUM(I62:I71)
A73: кран опорный в одном пролете Великан, Аталант, Атлант-М - | B73: 0.9 | E73: =$F$1*B73 | F73: =E73+$E$1 | Y73: за разные консоли под покрановые балки, разные сечения колонн
A74: за каждый пролет с краном Великан, Аталант, Атлант-М - | B74: 0.6 | E74: =$F$1*B74 | F74: =E74+$E$1
A75: за каждый пролет с другой грузоподъемностью Великан, Аталант, Атлант-М - | B75: 0.2 | E75: =$F$1*B75 | F75: =E75+$E$1
A76: кран подвесной в одном пролете Великан, Аталант - | B76: 0.7 | E76: =$F$1*B76 | F76: =E76+$E$1
A77: за каждый пролет с краном Великан, Аталант - | B77: 0.5 | E77: =$F$1*B77 | F77: =E77+$E$1
A78: за каждый пролет с другой грузоподъемностью Великан, Аталант - | B78: 0.2 | E78: =$F$1*B78 | F78: =E78+$E$1
A80: великан многопролетный с плоской кровлей каркас КМ - | B80: 1.8 | C80: 0.3 | D80: за каждый пролет после 1-го (за колонны) | E80: =G80*B80 | F80: =G80*C80 | G80: 80 | Y80: за колонны
A82: атлант многопролетный с плоской кровлей каркас КМ - | B82: 1.6 | C82: 0.3 | D82: за каждый пролет после 1-го (за колонны) | E82: =G82*B82 | F82: =G82*C82 | G82: 80 | Y82: за колонны
A84: атлант-М многопролетный с плоской кровлей каркас КМ - | B84: 1.7 | C84: 0.25 | D84: за каждый пролет после 1-го (за колонны) | E84: =G84*B84 | F84: =G84*C84 | G84: 80 | Y84: за колонны
A86: высота до 6 вкл - | B86: 0 | E86: =$F$1*B86 | F86: =E86+$E$1 | H86: 6 | I86: =IF('Сроки и стоимость'!$F$43<='Атлант, Великан'!H86,'Атлант, Великан'!B86,0)
A87: за каждый пролет - | B87: 0 | D87: -0,075+0,075*(n-1)², где n - кол-во пролетов | E87: =$F$1*B87 | F87: =E87+$E$1 | H87: 6 | I87: =IF('Сроки и стоимость'!$F$43<='Атлант, Великан'!H87,'Атлант, Великан'!B87-0.1+0.1*('Сроки и стоимость'!$D$33-1)^2,0)
A88: высота от 6 до 7 вкл - | B88: 0.25 | E88: =$F$1*B88 | F88: =E88+$E$1 | H88: 7 | I88: =IF(AND('Сроки и стоимость'!$F$43>'Атлант, Великан'!H86,'Сроки и стоимость'!$F$43<='Атлант, Великан'!H88),'Атлант, Великан'!B88,0) | Y88: за доп вертикальные связи по продольной стороне
A89: за каждый пролет - | B89: 0.15 | D89: +0,075*(n-1)², где n - кол-во пролетов | E89: =$F$1*B89 | F89: =E89+$E$1 | H89: 7 | I89: =IF(AND('Сроки и стоимость'!$F$43>'Атлант, Великан'!H87,'Сроки и стоимость'!$F$43<='Атлант, Великан'!H89),'Атлант, Великан'!B89+0.1*('Сроки и стоимость'!$D$33-1)^2,0) | Y89: за доп вертикальные связи по продольной стороне
A90: высота от 7 до 9 вкл - | B90: 0.5 | E90: =$F$1*B90 | F90: =E90+$E$1 | H90: 9 | I90: =IF(AND('Сроки и стоимость'!$F$43>'Атлант, Великан'!H88,'Сроки и стоимость'!$F$43<='Атлант, Великан'!H90),'Атлант, Великан'!B90,0) | Y90: за доп вертикальные связи по продольной стороне + распорки
A91: за каждый пролет - | B91: 0.3 | D91: +0,075*(n-1)², где n - кол-во пролетов | E91: =$F$1*B91 | F91: =E91+$E$1 | H91: 9 | I91: =IF(AND('Сроки и стоимость'!$F$43>'Атлант, Великан'!H89,'Сроки и стоимость'!$F$43<='Атлант, Великан'!H91),'Атлант, Великан'!B91+0.1*('Сроки и стоимость'!$D$33-1)^2,0) | Y91: за доп вертикальные связи по продольной стороне + распорки
A92: высота от 9 до 12 вкл - | B92: 1 | E92: =$F$1*B92 | F92: =E92+$E$1 | H92: 12 | I92: =IF(AND('Сроки и стоимость'!$F$43>'Атлант, Великан'!H90,'Сроки и стоимость'!$F$43<='Атлант, Великан'!H92),'Атлант, Великан'!B92,0) | Y92: за доп вертикальные связи по продольной стороне и торце + распорки
A93: за каждый пролет - | B93: 0.45 | D93: +0,075*(n-1)², где n - кол-во пролетов | E93: =$F$1*B93 | F93: =E93+$E$1 | H93: 12 | I93: =IF(AND('Сроки и стоимость'!$F$43>'Атлант, Великан'!H91,'Сроки и стоимость'!$F$43<='Атлант, Великан'!H93),'Атлант, Великан'!B93+0.1*('Сроки и стоимость'!$D$33-1)^2,0) | Y93: за доп вертикальные связи по продольной стороне и торце + распорки
A94: высота от 12 - | B94: 0.75 | D94: за каждые 3 метра | E94: =$F$1*B94 | F94: =E94+$E$1 | G94: 3 | H94: 12 | I94: =IF('Сроки и стоимость'!$F$43>'Атлант, Великан'!H94,'Атлант, Великан'!B94*_xlfn.CEILING.MATH(('Сроки и стоимость'!$F$43-'Атлант, Великан'!H94)/'Атлант, Великан'!G94),0) | J94: =I94+I92+I90+I88+I86 | Y94: за доп вертикальные связи + распорки
A95: за каждый пролет - | B95: 0.45 | D95: +0,075*(n-1)², где n - кол-во пролетов | E95: =$F$1*B95 | F95: =E95+$E$1 | H95: 12 | I95: =IF('Сроки и стоимость'!$F$43>'Атлант, Великан'!H95,'Атлант, Великан'!B95+0.1*('Сроки и стоимость'!$D$33-1)^2,0) | J95: =SUM(I86:I95)
A97: кран опорный в одном пролете Великан, Аталант, Атлант-М - | B97: 0.75 | E97: =$F$1*B97 | F97: =E97+$E$1 | Y97: за разные консоли под покрановые балки, разные сечения колонн
A98: за каждый пролет с краном Великан, Аталант, Атлант-М - | B98: 0.6 | E98: =$F$1*B98 | F98: =E98+$E$1
A99: за каждый пролет с другой грузоподъемностью Великан, Аталант, Атлант-М - | B99: 0.2 | E99: =$F$1*B99 | F99: =E99+$E$1
A100: кран подвесной в одном пролете Великан, Аталант - | B100: 0.6 | E100: =$F$1*B100 | F100: =E100+$E$1
A101: за каждый пролет с краном Великан, Аталант - | B101: 0.5 | E101: =$F$1*B101 | F101: =E101+$E$1
A102: за каждый пролет с другой грузоподъемностью Великан, Аталант - | B102: 0.2 | E102: =$F$1*B102 | F102: =E102+$E$1
A104: великан многопролетный с многоскатной кровлей каркас КМ - | B104: 1.8 | C104: 0.4 | D104: за каждый пролет после 1-го (за колонны) | E104: =G104*B104 | F104: =G104*C104 | G104: 80 | Y104: за колонны и гор. связи
A106: атлант многопролетный с многоскатной кровлей каркас КМ - | B106: 1.6 | C106: 0.4 | D106: за каждый пролет после 1-го (за колонны) | E106: =G106*B106 | F106: =G106*C106 | G106: 80 | Y106: за колонны и гор. связи
A108: атлант-М многопролетный с многоскатной кровлей каркас КМ - | B108: 1.7 | C108: 0.35 | D108: за каждый пролет после 1-го (за колонны) | E108: =G108*B108 | F108: =G108*C108 | G108: 80 | Y108: за колонны и гор. связи
A110: высота до 6 вкл - | B110: 0 | E110: =$F$1*B110 | F110: =E110+$E$1 | H110: 6 | I110: =IF('Сроки и стоимость'!$F$43<='Атлант, Великан'!H110,'Атлант, Великан'!B110,0)
A111: за каждый пролет - | B111: 0 | D111: -0,1+0,1*(n-1)², где n - кол-во пролетов | E111: =$F$1*B111 | F111: =E111+$E$1 | H111: 6 | I111: =IF('Сроки и стоимость'!$F$43<='Атлант, Великан'!H111,'Атлант, Великан'!B111-0.1+0.1*('Сроки и стоимость'!$D$33-1)^2,0)
A112: высота от 6 до 7 вкл - | B112: 0.25 | E112: =$F$1*B112 | F112: =E112+$E$1 | H112: 7 | I112: =IF(AND('Сроки и стоимость'!$F$43>'Атлант, Великан'!H110,'Сроки и стоимость'!$F$43<='Атлант, Великан'!H112),'Атлант, Великан'!B112,0) | Y112: за доп вертикальные связи по продольной стороне
A113: за каждый пролет - | B113: 0.15 | D113: +0,1*(n-1)², где n - кол-во пролетов | E113: =$F$1*B113 | F113: =E113+$E$1 | H113: 7 | I113: =IF(AND('Сроки и стоимость'!$F$43>'Атлант, Великан'!H111,'Сроки и стоимость'!$F$43<='Атлант, Великан'!H113),'Атлант, Великан'!B113+0.1*('Сроки и стоимость'!$D$33-1)^2,0) | Y113: за доп вертикальные связи по продольной стороне
A114: высота от 7 до 9 вкл - | B114: 0.5 | E114: =$F$1*B114 | F114: =E114+$E$1 | H114: 9 | I114: =IF(AND('Сроки и стоимость'!$F$43>'Атлант, Великан'!H112,'Сроки и стоимость'!$F$43<='Атлант, Великан'!H114),'Атлант, Великан'!B114,0) | Y114: за доп вертикальные связи по продольной стороне + распорки
A115: за каждый пролет - | B115: 0.3 | D115: +0,1*(n-1)², где n - кол-во пролетов | E115: =$F$1*B115 | F115: =E115+$E$1 | H115: 9 | I115: =IF(AND('Сроки и стоимость'!$F$43>'Атлант, Великан'!H113,'Сроки и стоимость'!$F$43<='Атлант, Великан'!H115),'Атлант, Великан'!B115+0.1*('Сроки и стоимость'!$D$33-1)^2,0) | Y115: за доп вертикальные связи по продольной стороне + распорки
A116: высота от 9 до 12 вкл - | B116: 1 | E116: =$F$1*B116 | F116: =E116+$E$1 | H116: 12 | I116: =IF(AND('Сроки и стоимость'!$F$43>'Атлант, Великан'!H114,'Сроки и стоимость'!$F$43<='Атлант, Великан'!H116),'Атлант, Великан'!B116,0) | P116: Разные пролеты | Y116: за доп вертикальные связи по продольной стороне и торце + распорки
A117: за каждый пролет - | B117: 0.45 | D117: +0,1*(n-1)², где n - кол-во пролетов | E117: =$F$1*B117 | F117: =E117+$E$1 | H117: 12 | I117: =IF(AND('Сроки и стоимость'!$F$43>'Атлант, Великан'!H115,'Сроки и стоимость'!$F$43<='Атлант, Великан'!H117),'Атлант, Великан'!B117+0.1*('Сроки и стоимость'!$D$33-1)^2,0) | P117: 1 | Q117: 2 | R117: 3 | S117: 4 | T117: 5 | Y117: за доп вертикальные связи по продольной стороне и торце + распорки
A118: высота от 12 - | B118: 0.75 | D118: за каждые 3 метра | E118: =$F$1*B118 | F118: =E118+$E$1 | G118: 3 | H118: 12 | I118: =IF('Сроки и стоимость'!$F$43>'Атлант, Великан'!H118,'Атлант, Великан'!B118*_xlfn.CEILING.MATH(('Сроки и стоимость'!$F$43-'Атлант, Великан'!H118)/'Атлант, Великан'!G118),0) | J118: =I118+I116+I114+I112+I110 | P118: =H127 | Q118: =I127 | R118: =J127 | S118: =K127 | T118: =L127 | Y118: за доп вертикальные связи + распорки
A119: за каждый пролет - | B119: 0.45 | D119: +0,1*(n-1)², где n - кол-во пролетов | E119: =$F$1*B119 | F119: =E119+$E$1 | H119: 12 | I119: =IF('Сроки и стоимость'!$F$43>'Атлант, Великан'!H119,'Атлант, Великан'!B119+0.1*('Сроки и стоимость'!$D$33-1)^2,0) | J119: =SUM(I110:I119) | O119: 1 | P119: =IF(AND($O119='Сроки и стоимость'!$D$33,P$117<='Сроки и стоимость'!$D$33),1,0) | Q119: =IF(AND($O119='Сроки и стоимость'!$D$33,Q$117<='Сроки и стоимость'!$D$33),CHOOSE('Сроки и стоимость'!$AM$11,1,IF(MOD($O119,2)=1,1,IF(AND(Q$118=P$118,Q$117='Сроки и стоимость'!$D$33),0,1)),IF(Q$117='Сроки и стоимость'!$D$33,IF(Q$118=P$118,0,1),1),IF(Q$117='Сроки и стоимость'!$D$33,IF(Q$118=P$118,0,1),1)),0) | R119: =IF(AND($O119='Сроки и стоимость'!$D$33,R$117<='Сроки и стоимость'!$D$33),CHOOSE('Сроки и стоимость'!$AM$11,IF('Атлант, Великан'!R$117<'Атлант, Великан'!$O119,IF(R$118=Q$118,0,1),1),IF(R$117='Сроки и стоимость'!$D$33,IF(R$118=P$118,0,1),IF(MOD($O119,2)=1,1,IF(R$118=Q$118,0,1))),IF(R$117='Сроки и стоимость'!$D$33,IF(R$118=P$118,0,1),IF(R$118=Q$118,0,1)),IF(R$117='Сроки и стоимость'!$D$33,IF(R$118=P$118,0,1),IF(R$118=Q$118,0,1))),0) | S119: =IF(AND($O119='Сроки и стоимость'!$D$33,S$117<='Сроки и стоимость'!$D$33),CHOOSE('Сроки и стоимость'!$AM$11,IF('Атлант, Великан'!S$117<'Атлант, Великан'!$O119,IF(OR(R$118=S$118,S$118=Q$118),0,1),1),IF(MOD($O119,2)=1,IF(S$118=Q$118,0,1),IF(S$117='Сроки и стоимость'!$D$33,IF(S$118=P$118,0,1),IF(S$118=P$118,0,1))),IF(S$117='Сроки и стоимость'!$D$33,IF(S$118=P$118,0,1),IF(OR(R$118=S$118,S$118=Q$118),0,1)),IF(S$117='Сроки и стоимость'!$D$33,IF(S$118=P$118,0,1),IF(OR(R$118=S$118,S$118=Q$118),0,1))),0) | T119: =IF(AND($O119='Сроки и стоимость'!$D$33,T$117<='Сроки и стоимость'!$D$33),CHOOSE('Сроки и стоимость'!$AM$11,1,IF(MOD($O119,2)=1,IF(T$118=P$118,0,1),0),IF(P$118=T$118,0,1),IF(T$118=P$118,0,1)),0)
O120: 2 | P120: =IF(AND($O120='Сроки и стоимость'!$D$33,P$117<='Сроки и стоимость'!$D$33),1,0) | Q120: =IF(AND($O120='Сроки и стоимость'!$D$33,Q$117<='Сроки и стоимость'!$D$33),CHOOSE('Сроки и стоимость'!$AM$11,1,IF(MOD($O120,2)=1,1,IF(AND(Q$118=P$118,Q$117='Сроки и стоимость'!$D$33),0,1)),IF(Q$117='Сроки и стоимость'!$D$33,IF(Q$118=P$118,0,1),1),IF(Q$117='Сроки и стоимость'!$D$33,IF(Q$118=P$118,0,1),1)),0) | R120: =IF(AND($O120='Сроки и стоимость'!$D$33,R$117<='Сроки и стоимость'!$D$33),CHOOSE('Сроки и стоимость'!$AM$11,IF('Атлант, Великан'!R$117<'Атлант, Великан'!$O120,IF(R$118=Q$118,0,1),1),IF(R$117='Сроки и стоимость'!$D$33,IF(R$118=P$118,0,1),IF(MOD($O120,2)=1,1,IF(R$118=Q$118,0,1))),IF(R$117='Сроки и стоимость'!$D$33,IF(R$118=P$118,0,1),IF(R$118=Q$118,0,1)),IF(R$117='Сроки и стоимость'!$D$33,IF(R$118=P$118,0,1),IF(R$118=Q$118,0,1))),0) | S120: =IF(AND($O120='Сроки и стоимость'!$D$33,S$117<='Сроки и стоимость'!$D$33),CHOOSE('Сроки и стоимость'!$AM$11,IF('Атлант, Великан'!S$117<'Атлант, Великан'!$O120,IF(OR(R$118=S$118,S$118=Q$118),0,1),1),IF(MOD($O120,2)=1,IF(S$118=Q$118,0,1),IF(S$117='Сроки и стоимость'!$D$33,IF(S$118=P$118,0,1),IF(S$118=P$118,0,1))),IF(S$117='Сроки и стоимость'!$D$33,IF(S$118=P$118,0,1),IF(OR(R$118=S$118,S$118=Q$118),0,1)),IF(S$117='Сроки и стоимость'!$D$33,IF(S$118=P$118,0,1),IF(OR(R$118=S$118,S$118=Q$118),0,1))),0) | T120: =IF(AND($O120='Сроки и стоимость'!$D$33,T$117<='Сроки и стоимость'!$D$33),CHOOSE('Сроки и стоимость'!$AM$11,1,IF(MOD($O120,2)=1,IF(T$118=P$118,0,1),0),IF(P$118=T$118,0,1),IF(T$118=P$118,0,1)),0)
A121: кран опорный в одном пролете Великан, Аталант, Атлант-М - | B121: 0.75 | E121: =$F$1*B121 | F121: =E121+$E$1 | O121: 3 | P121: =IF(AND($O121='Сроки и стоимость'!$D$33,P$117<='Сроки и стоимость'!$D$33),1,0) | Q121: =IF(AND($O121='Сроки и стоимость'!$D$33,Q$117<='Сроки и стоимость'!$D$33),CHOOSE('Сроки и стоимость'!$AM$11,1,IF(MOD($O121,2)=1,1,IF(AND(Q$118=P$118,Q$117='Сроки и стоимость'!$D$33),0,1)),IF(Q$117='Сроки и стоимость'!$D$33,IF(Q$118=P$118,0,1),1),IF(Q$117='Сроки и стоимость'!$D$33,IF(Q$118=P$118,0,1),1)),0) | R121: =IF(AND($O121='Сроки и стоимость'!$D$33,R$117<='Сроки и стоимость'!$D$33),CHOOSE('Сроки и стоимость'!$AM$11,IF('Атлант, Великан'!R$117<'Атлант, Великан'!$O121,IF(R$118=Q$118,0,1),1),IF(R$117='Сроки и стоимость'!$D$33,IF(R$118=P$118,0,1),IF(MOD($O121,2)=1,1,IF(R$118=Q$118,0,1))),IF(R$117='Сроки и стоимость'!$D$33,IF(R$118=P$118,0,1),IF(R$118=Q$118,0,1)),IF(R$117='Сроки и стоимость'!$D$33,IF(R$118=P$118,0,1),IF(R$118=Q$118,0,1))),0) | S121: =IF(AND($O121='Сроки и стоимость'!$D$33,S$117<='Сроки и стоимость'!$D$33),CHOOSE('Сроки и стоимость'!$AM$11,IF('Атлант, Великан'!S$117<'Атлант, Великан'!$O121,IF(OR(R$118=S$118,S$118=Q$118),0,1),1),IF(MOD($O121,2)=1,IF(S$118=Q$118,0,1),IF(S$117='Сроки и стоимость'!$D$33,IF(S$118=P$118,0,1),IF(S$118=P$118,0,1))),IF(S$117='Сроки и стоимость'!$D$33,IF(S$118=P$118,0,1),IF(OR(R$118=S$118,S$118=Q$118),0,1)),IF(S$117='Сроки и стоимость'!$D$33,IF(S$118=P$118,0,1),IF(OR(R$118=S$118,S$118=Q$118),0,1))),0) | T121: =IF(AND($O121='Сроки и стоимость'!$D$33,T$117<='Сроки и стоимость'!$D$33),CHOOSE('Сроки и стоимость'!$AM$11,1,IF(MOD($O121,2)=1,IF(T$118=P$118,0,1),0),IF(P$118=T$118,0,1),IF(T$118=P$118,0,1)),0) | Y121: за разные консоли под покрановые балки, разные сечения колонн
A122: за каждый пролет с краном Великан, Аталант, Атлант-М - | B122: 0.6 | E122: =$F$1*B122 | F122: =E122+$E$1 | O122: 4 | P122: =IF(AND($O122='Сроки и стоимость'!$D$33,P$117<='Сроки и стоимость'!$D$33),1,0) | Q122: =IF(AND($O122='Сроки и стоимость'!$D$33,Q$117<='Сроки и стоимость'!$D$33),CHOOSE('Сроки и стоимость'!$AM$11,1,IF(MOD($O122,2)=1,1,IF(AND(Q$118=P$118,Q$117='Сроки и стоимость'!$D$33),0,1)),IF(Q$117='Сроки и стоимость'!$D$33,IF(Q$118=P$118,0,1),1),IF(Q$117='Сроки и стоимость'!$D$33,IF(Q$118=P$118,0,1),1)),0) | R122: =IF(AND($O122='Сроки и стоимость'!$D$33,R$117<='Сроки и стоимость'!$D$33),CHOOSE('Сроки и стоимость'!$AM$11,IF('Атлант, Великан'!R$117<'Атлант, Великан'!$O122,IF(R$118=Q$118,0,1),1),IF(R$117='Сроки и стоимость'!$D$33,IF(R$118=P$118,0,1),IF(MOD($O122,2)=1,1,IF(R$118=Q$118,0,1))),IF(R$117='Сроки и стоимость'!$D$33,IF(R$118=P$118,0,1),IF(R$118=Q$118,0,1)),IF(R$117='Сроки и стоимость'!$D$33,IF(R$118=P$118,0,1),IF(R$118=Q$118,0,1))),0) | S122: =IF(AND($O122='Сроки и стоимость'!$D$33,S$117<='Сроки и стоимость'!$D$33),CHOOSE('Сроки и стоимость'!$AM$11,IF('Атлант, Великан'!S$117<'Атлант, Великан'!$O122,IF(OR(R$118=S$118,S$118=Q$118),0,1),1),IF(MOD($O122,2)=1,IF(S$118=Q$118,0,1),IF(S$117='Сроки и стоимость'!$D$33,IF(S$118=P$118,0,1),IF(S$118=P$118,0,1))),IF(S$117='Сроки и стоимость'!$D$33,IF(S$118=P$118,0,1),IF(OR(R$118=S$118,S$118=Q$118),0,1)),IF(S$117='Сроки и стоимость'!$D$33,IF(S$118=P$118,0,1),IF(OR(R$118=S$118,S$118=Q$118),0,1))),0) | T122: =IF(AND($O122='Сроки и стоимость'!$D$33,T$117<='Сроки и стоимость'!$D$33),CHOOSE('Сроки и стоимость'!$AM$11,1,IF(MOD($O122,2)=1,IF(T$118=P$118,0,1),0),IF(P$118=T$118,0,1),IF(T$118=P$118,0,1)),0)
A123: за каждый пролет с другой грузоподъемностью Великан, Аталант, Атлант-М - | B123: 0.2 | E123: =$F$1*B123 | F123: =E123+$E$1 | O123: 5 | P123: =IF(AND($O123='Сроки и стоимость'!$D$33,P$117<='Сроки и стоимость'!$D$33),1,0) | Q123: =IF(AND($O123='Сроки и стоимость'!$D$33,Q$117<='Сроки и стоимость'!$D$33),CHOOSE('Сроки и стоимость'!$AM$11,1,IF(MOD($O123,2)=1,1,IF(AND(Q$118=P$118,Q$117='Сроки и стоимость'!$D$33),0,1)),IF(Q$117='Сроки и стоимость'!$D$33,IF(Q$118=P$118,0,1),1),IF(Q$117='Сроки и стоимость'!$D$33,IF(Q$118=P$118,0,1),1)),0) | R123: =IF(AND($O123='Сроки и стоимость'!$D$33,R$117<='Сроки и стоимость'!$D$33),CHOOSE('Сроки и стоимость'!$AM$11,IF('Атлант, Великан'!R$117<'Атлант, Великан'!$O123,IF(R$118=Q$118,0,1),1),IF(R$117='Сроки и стоимость'!$D$33,IF(R$118=P$118,0,1),IF(MOD($O123,2)=1,1,IF(R$118=Q$118,0,1))),IF(R$117='Сроки и стоимость'!$D$33,IF(R$118=P$118,0,1),IF(R$118=Q$118,0,1)),IF(R$117='Сроки и стоимость'!$D$33,IF(R$118=P$118,0,1),IF(R$118=Q$118,0,1))),0) | S123: =IF(AND($O123='Сроки и стоимость'!$D$33,S$117<='Сроки и стоимость'!$D$33),CHOOSE('Сроки и стоимость'!$AM$11,IF('Атлант, Великан'!S$117<'Атлант, Великан'!$O123,IF(OR(R$118=S$118,S$118=Q$118),0,1),1),IF(MOD($O123,2)=1,IF(S$118=Q$118,0,1),IF(S$117='Сроки и стоимость'!$D$33,IF(S$118=P$118,0,1),IF(S$118=P$118,0,1))),IF(S$117='Сроки и стоимость'!$D$33,IF(S$118=P$118,0,1),IF(OR(R$118=S$118,S$118=Q$118),0,1)),IF(S$117='Сроки и стоимость'!$D$33,IF(S$118=P$118,0,1),IF(OR(R$118=S$118,S$118=Q$118),0,1))),0) | T123: =IF(AND($O123='Сроки и стоимость'!$D$33,T$117<='Сроки и стоимость'!$D$33),CHOOSE('Сроки и стоимость'!$AM$11,1,IF(MOD($O123,2)=1,IF(T$118=P$118,0,1),0),IF(P$118=T$118,0,1),IF(T$118=P$118,0,1)),0)
A124: кран подвесной в одном пролете Великан, Аталант - | B124: 0.6 | E124: =$F$1*B124 | F124: =E124+$E$1
A125: за каждый пролет с краном Великан, Аталант - | B125: 0.5 | E125: =$F$1*B125 | F125: =E125+$E$1
A126: за каждый пролет с другой грузоподъемностью Великан, Аталант - | B126: 0.2 | E126: =$F$1*B126 | F126: =E126+$E$1
G127: ширина | H127: =(SUM(H129:H133)+MIN(H134,1))*'Сроки и стоимость'!$B$35 | I127: =(SUM(I129:I133)+MIN(I134,1))*'Сроки и стоимость'!$D$35 | J127: =(SUM(J129:J133)+MIN(J134,1))*'Сроки и стоимость'!$F$35 | K127: =(SUM(K129:K133)+MIN(K134,1))*'Сроки и стоимость'!$H$35 | L127: =(SUM(L129:L133)+MIN(L134,1))*'Сроки и стоимость'!$J$35 | M127: =SUM(H127:L127)
A128: великан | C128: нов. Пролет | H128: 1 | I128: 2 | J128: 3 | K128: 4 | L128: 5 | P128: 1 | Q128: 2 | R128: 3 | S128: 4 | T128: 5
A129: пролет до 12 вкл - | B129: 0 | C129: 1.05 | D129: 0+0,9=0,9 за ферму до 12 метров и распорки + 0,15 гор связи | E129: =$F$1*B129 | F129: =E129+$E$1 | G129: 12 | H129: =IF(H$128>'Сроки и стоимость'!$D$33,0,IF('Сроки и стоимость'!$B$35<=$G129,1,0)) | I129: =IF($I$128>'Сроки и стоимость'!$D$33,0,IF('Сроки и стоимость'!$D$35<=G129,1,0)) | J129: =IF($J$128>'Сроки и стоимость'!$D$33,0,IF('Сроки и стоимость'!$F$35<=G129,1,0)) | K129: =IF($K$128>'Сроки и стоимость'!$D$33,0,IF('Сроки и стоимость'!$H$35<=G129,1,0)) | L129: =IF($L$128>'Сроки и стоимость'!$D$33,0,IF('Сроки и стоимость'!$J$35<=G129,1,0)) | M129: =SUM(H129:L129) | N129: =M129*B129 | P129: 0 | Q129: =IF($I$128>'Сроки и стоимость'!$D$33,0,IF('Сроки и стоимость'!$D$35<=G129,SUM($Q$119:$Q$123),0)) | R129: =IF($J$128>'Сроки и стоимость'!$D$33,0,IF('Сроки и стоимость'!$F$35<=G129,SUM($R$119:$R$123),0)) | S129: =IF($K$128>'Сроки и стоимость'!$D$33,0,IF('Сроки и стоимость'!$H$35<=G129,SUM($S$119:$S$123),0)) | T129: =IF($L$128>'Сроки и стоимость'!$D$33,0,IF('Сроки и стоимость'!$J$35<=G129,SUM($T$119:$T$123),0)) | U129: =SUM(P129:T129) | V129: =U129*C129
...

Sheet Спринт
A2: спринт-М двускатный каркас КМ - базовая стомость 80 000 руб | B2: 1 | D2: 80
G3: 1
A4: пролет до 12 вкл - | B4: 0 | D4: =$D$2*B4 | E4: =D4+80 | F4: 12 | G4: =IF('Сроки и стоимость'!$B$35<=Спринт!$F4,Спринт!$B4,0)
A5: пролет от 12 до 15 вкл - | B5: 0.15 | D5: =$D$2*B5 | E5: =D5+80 | F5: 15 | G5: =IF(AND('Сроки и стоимость'!$B$35<=Спринт!$F5,'Сроки и стоимость'!$B$35>$F4),Спринт!$B5,0) | Q5: за доп гор. связи
A6: пролет от 15 до 18 вкл - | B6: 0.25 | D6: =$D$2*B6 | E6: =D6+80 | F6: 18 | G6: =IF(AND('Сроки и стоимость'!$B$35<=Спринт!$F6,'Сроки и стоимость'!$B$35>$F5),Спринт!$B6,0) | Q6: за доп гор. связи
A7: пролет от 18 до 21 вкл - | B7: 0.35 | D7: =$D$2*B7 | E7: =D7+80 | F7: 21 | G7: =IF(AND('Сроки и стоимость'!$B$35<=Спринт!$F7,'Сроки и стоимость'!$B$35>$F6),Спринт!$B7,0) | Q7: за доп гор. связи
A8: пролет от 21 до 24 вкл - | B8: 0.5 | D8: =$D$2*B8 | E8: =D8+80 | F8: 24 | G8: =IF(AND('Сроки и стоимость'!$B$35<=Спринт!$F8,'Сроки и стоимость'!$B$35>$F7),Спринт!$B8,IF('Сроки и стоимость'!$B$35>$F8,999,0)) | H8: =SUM(G4:G8) | Q8: за доп гор. связи
A10: высота до 6 вкл - | B10: 0 | D10: =$D$2*B10 | E10: =D10+80 | F10: 6 | G10: =IF('Сроки и стоимость'!$F$43<=F10,B10,0)
A11: высота от 6 до 8 вкл - | B11: 0.15 | D11: =$D$2*B11 | E11: =D11+80 | F11: 8 | G11: =IF(AND('Сроки и стоимость'!$F$43>F10,'Сроки и стоимость'!$F$43<=F11),B11,0) | Q11: за доп вертикальные связи по длиной стороне
A12: высота от 8 - | B12: 0.6 | D12: =$D$2*B12 | E12: =D12+80 | G12: =IF('Сроки и стоимость'!$F$43>F11,B12,0) | H12: =SUM(G10:G12) | Q12: за доп вертикальные связи по длиной стороне + в торце + гор. связи по периметру
A14: спринт-2М двускатный каркас КМ - | B14: 1.2 | D14: =$D$2*B14 | Q14: + шпренгельная затяжка +0,15
G15: 1
A16: пролет до 12 вкл - | B16: 0 | D16: =$D$2*B16 | E16: =D16+$D$14 | F16: 12 | G16: =IF('Сроки и стоимость'!$B$35<=Спринт!$F16,Спринт!$B16,0)
A17: пролет от 12 до 15 вкл - | B17: 0.25 | D17: =$D$2*B17 | E17: =D17+$D$14 | F17: 15 | G17: =IF(AND('Сроки и стоимость'!$B$35<=Спринт!$F17,'Сроки и стоимость'!$B$35>$F16),Спринт!$B17,0) | Q17: за доп гор. связи + шпренгельная затяжка +0,1
A18: пролет от 15 до 18 вкл - | B18: 0.4 | D18: =$D$2*B18 | E18: =D18+$D$14 | F18: 18 | G18: =IF(AND('Сроки и стоимость'!$B$35<=Спринт!$F18,'Сроки и стоимость'!$B$35>$F17),Спринт!$B18,0) | Q18: за доп гор. связи + шпренгельная затяжка +0,15
A19: пролет от 18 до 21 вкл - | B19: 0.55 | D19: =$D$2*B19 | E19: =D19+$D$14 | F19: 21 | G19: =IF(AND('Сроки и стоимость'!$B$35<=Спринт!$F19,'Сроки и стоимость'!$B$35>$F18),Спринт!$B19,0) | Q19: за доп гор. связи + шпренгельная затяжка +0,2
A20: пролет от 21 до 24 вкл - | B20: 0.7 | D20: =$D$2*B20 | E20: =D20+$D$14 | F20: 24 | G20: =IF(AND('Сроки и стоимость'!$B$35<=Спринт!$F20,'Сроки и стоимость'!$B$35>$F19),Спринт!$B20,IF('Сроки и стоимость'!$B$35>$F20,999,0)) | H20: =SUM(G16:G20) | Q20: за доп гор. связи + шпренгельная затяжка +0,2
A22: высота до 5 вкл - | B22: 0 | D22: =$D$2*B22 | E22: =D22+$D$14 | F22: 5 | G22: =IF('Сроки и стоимость'!$F$43<=F22,B22,0)
A23: высота от 5 до 8 вкл - | B23: 0.15 | D23: =$D$2*B23 | E23: =D23+$D$14 | F23: 8 | G23: =IF(AND('Сроки и стоимость'!$F$43>F22,'Сроки и стоимость'!$F$43<=F23),B23,0) | Q23: за доп вертикальные связи по длиной стороне
A24: высота от 8 - | B24: 0.6 | D24: =$D$2*B24 | E24: =D24+$D$14 | G24: =IF('Сроки и стоимость'!$F$43>F23,B24,0) | H24: =SUM(G22:G24) | Q24: за доп вертикальные связи по длиной стороне + в торце + гор. связи по периметру
A26: Крон двускатный каркас КМ - | B26: 1.3 | D26: =$D$2*B26 | Q26: сборка без планина рамы +0,8
G27: 1
A28: пролет до 12 вкл - | B28: 0 | D28: =$D$2*B28 | E28: =D28+$D$26 | F28: 12 | G28: =IF('Сроки и стоимость'!$B$35<=Спринт!$F28,Спринт!$B28,0)
A29: пролет от 12 до 18 вкл - | B29: 0.4 | D29: =$D$2*B29 | E29: =D29+$D$26 | F29: 18 | G29: =IF(AND('Сроки и стоимость'!$B$35<=Спринт!$F29,'Сроки и стоимость'!$B$35>$F28),Спринт!$B29,0) | Q29: за доп гор. связи + усложнение фермы
A30: пролет от 18 до 21 вкл - | B30: 0.8 | D30: =$D$2*B30 | E30: =D30+$D$26 | F30: 21 | G30: =IF(AND('Сроки и стоимость'!$B$35<=Спринт!$F30,'Сроки и стоимость'!$B$35>$F29),Спринт!$B30,0) | Q30: за доп гор. связи + усложнение фермы
A31: пролет от 21 до 24 вкл - | B31: 1.2 | D31: =$D$2*B31 | E31: =D31+$D$26 | F31: 24 | G31: =IF(AND('Сроки и стоимость'!$B$35<=Спринт!$F31,'Сроки и стоимость'!$B$35>$F30),Спринт!$B31,0) | Q31: за доп гор. связи + усложнение фермы
A32: пролет от 24 до 30 вкл - | B32: 1.6 | D32: =$D$2*B32 | E32: =D32+$D$26 | F32: 30 | G32: =IF(AND('Сроки и стоимость'!$B$35<=Спринт!$F32,'Сроки и стоимость'!$B$35>$F31),Спринт!$B32,IF('Сроки и стоимость'!$B$35>$F32,999,0)) | H32: =SUM(G28:G32) | Q32: за доп гор. связи + усложнение фермы
A34: высота до 5 вкл - | B34: 0 | D34: =$D$2*B34 | E34: =D34+$D$14 | F34: 5 | G34: =IF('Сроки и стоимость'!$F$43<=F34,B34,0)
A35: высота от 5 до 7 вкл - | B35: 0.15 | D35: =$D$2*B35 | E35: =D35+$D$14 | F35: 7 | G35: =IF(AND('Сроки и стоимость'!$F$43>F34,'Сроки и стоимость'!$F$43<=F35),B35,0) | Q35: за доп вертикальные связи по длиной стороне
A36: высота от 7 - | B36: 0.6 | D36: =$D$2*B36 | E36: =D36+$D$14 | G36: =IF('Сроки и стоимость'!$F$43>F35,B36,0) | H36: =SUM(G34:G36) | Q36: за доп вертикальные связи по длиной стороне + в торце + гор. связи по периметру
A38: спринт-М односкатный каркас КМ - | B38: 1.05 | D38: =$D$2*B38 | Q38: отсутствие затяжки -0,2, но сборка без плагина рамы +0,1 + разные вертикальные связи +0,15
G39: 1
A40: пролет до 6 вкл - | B40: 0 | D40: =$D$2*B40 | E40: =D40+$D$38 | F40: 6 | G40: =IF('Сроки и стоимость'!$B$35<=Спринт!$F40,Спринт!$B40,0)
A41: пролет от 6 до 7,5 вкл - | B41: 0.05 | D41: =$D$2*B41 | E41: =D41+$D$38 | F41: 7.5 | G41: =IF(AND('Сроки и стоимость'!$B$35<=Спринт!$F41,'Сроки и стоимость'!$B$35>$F40),Спринт!$B41,0) | Q41: за доп гор. связи
A42: пролет от 7,5 до 9 вкл - | B42: 0.1 | D42: =$D$2*B42 | E42: =D42+$D$38 | F42: 9 | G42: =IF(AND('Сроки и стоимость'!$B$35<=Спринт!$F42,'Сроки и стоимость'!$B$35>$F41),Спринт!$B42,0) | Q42: за доп гор. связи
A43: пролет от 9 до 10,5 вкл - | B43: 0.2 | D43: =$D$2*B43 | E43: =D43+$D$38 | F43: 10.5 | G43: =IF(AND('Сроки и стоимость'!$B$35<=Спринт!$F43,'Сроки и стоимость'!$B$35>$F42),Спринт!$B43,0) | Q43: за доп гор. связи
A44: пролет от 10,5 до 12 вкл - | B44: 0.25 | D44: =$D$2*B44 | E44: =D44+$D$38 | F44: 12 | G44: =IF(AND('Сроки и стоимость'!$B$35<=Спринт!$F44,'Сроки и стоимость'!$B$35>$F43),Спринт!$B44,IF('Сроки и стоимость'!$B$35>$F44,0,0)) | H44: =SUM(G40:G44) | Q44: за доп гор. связи
A46: высота до 5 вкл - | B46: 0 | D46: =$D$2*B46 | E46: =D46+$D$38 | F46: 5 | G46: =IF('Сроки и стоимость'!$F$43<=F46,B46,0)
A47: высота от 5 до 6 вкл - | B47: 0.15 | D47: =$D$2*B47 | E47: =D47+$D$38 | F47: 6 | G47: =IF(AND('Сроки и стоимость'!$F$43>F46,'Сроки и стоимость'!$F$43<=F47),B47,0) | Q47: за доп вертикальные связи по длиной стороне
A48: высота от 6 - | B48: 0.45 | D48: =$D$2*B48 | E48: =D48+$D$38 | G48: =IF('Сроки и стоимость'!$F$43>F47,B48,0) | H48: =SUM(G46:G48) | Q48: за доп вертикальные связи по длиной стороне + в торце + гор. связи по периметру
A50: спринт-2М односкатный каркас КМ - | B50: 1.2 | D50: =$D$2*B50 | Q50: сборка без планина рамы +0,1 + разные вертикальные связи +0,15 + шпренгельная затяжка +0,15
G51: 1
A52: пролет до 6 вкл - | B52: 0 | D52: =$D$2*B52 | E52: =D52+$D$50 | F52: 6 | G52: =IF('Сроки и стоимость'!$B$35<=Спринт!$F52,Спринт!$B52,0)
A53: пролет от 6 до 7,5 вкл - | B53: 0.05 | D53: =$D$2*B53 | E53: =D53+$D$50 | F53: 7.5 | G53: =IF(AND('Сроки и стоимость'!$B$35<=Спринт!$F53,'Сроки и стоимость'!$B$35>$F52),Спринт!$B53,0) | Q53: за доп гор. связи + шпренгельная затяжка +0,1
A54: пролет от 7,5 до 9 вкл - | B54: 0.15 | D54: =$D$2*B54 | E54: =D54+$D$50 | F54: 9 | G54: =IF(AND('Сроки и стоимость'!$B$35<=Спринт!$F54,'Сроки и стоимость'!$B$35>$F53),Спринт!$B54,0) | Q54: за доп гор. связи + шпренгельная затяжка +0,1
A55: пролет от 9 до 10,5 вкл - | B55: 0.3 | D55: =$D$2*B55 | E55: =D55+$D$50 | F55: 10.5 | G55: =IF(AND('Сроки и стоимость'!$B$35<=Спринт!$F55,'Сроки и стоимость'!$B$35>$F54),Спринт!$B55,0) | Q55: за доп гор. связи + шпренгельная затяжка +0,15
A56: пролет от 10,5 до 12 вкл - | B56: 0.4 | D56: =$D$2*B56 | E56: =D56+$D$50 | F56: 12 | G56: =IF(AND('Сроки и стоимость'!$B$35<=Спринт!$F56,'Сроки и стоимость'!$B$35>$F55),Спринт!$B56,IF('Сроки и стоимость'!$B$35>$F56,0,0)) | H56: =SUM(G52:G56) | Q56: за доп гор. связи + шпренгельная затяжка +0,2
A58: высота до 5 вкл - | B58: 0 | D58: =$D$2*B58 | E58: =D58+$D$50 | F58: 5 | G58: =IF('Сроки и стоимость'!$F$43<=F58,B58,0)
A59: высота от 5 до 7 вкл - | B59: 0.15 | D59: =$D$2*B59 | E59: =D59+$D$50 | F59: 7 | G59: =IF(AND('Сроки и стоимость'!$F$43>F58,'Сроки и стоимость'!$F$43<=F59),B59,0) | Q59: за доп вертикальные связи по длиной стороне
A60: высота от 6 - | B60: 0.45 | D60: =$D$2*B60 | E60: =D60+$D$50 | G60: =IF('Сроки и стоимость'!$F$43>F59,B60,0) | H60: =SUM(G58:G60) | Q60: за доп вертикальные связи по длиной стороне + в торце + гор. связи по периметру
A62: Крон односкатный каркас КМ - | B62: 1.6 | D62: =$D$2*B62 | Q62: сборка без планина рамы +0,8 + разные вертикальные связи +0,25
G63: 1
A64: пролет до 8 вкл - | B64: 0 | D64: =$D$2*B64 | E64: =D64+$D$62 | F64: 8 | G64: =IF('Сроки и стоимость'!$B$35<=Спринт!$F64,Спринт!$B64,0)
A65: пролет от 8 до 12 вкл - | B65: 0.5 | D65: =$D$2*B65 | E65: =D65+$D$62 | F65: 12 | G65: =IF(AND('Сроки и стоимость'!$B$35<=Спринт!$F65,'Сроки и стоимость'!$B$35>$F64),Спринт!$B65,0) | Q65: за доп гор. связи + усложнение фермы
A66: пролет от 12 до 18 вкл - | B66: 1 | D66: =$D$2*B66 | E66: =D66+$D$62 | F66: 18 | G66: =IF(AND('Сроки и стоимость'!$B$35<=Спринт!$F66,'Сроки и стоимость'!$B$35>$F65),Спринт!$B66,0) | Q66: за доп гор. связи + усложнение фермы
A67: пролет от 18 до 24 вкл - | B67: 1.5 | D67: =$D$2*B67 | E67: =D67+$D$62 | F67: 24 | G67: =IF(AND('Сроки и стоимость'!$B$35<=Спринт!$F67,'Сроки и стоимость'!$B$35>$F66),Спринт!$B67,0) | Q67: за доп гор. связи + усложнение фермы
A68: пролет от 24 до 30 вкл - | B68: 2 | D68: =$D$2*B68 | E68: =D68+$D$62 | F68: 30 | G68: =IF(AND('Сроки и стоимость'!$B$35<=Спринт!$F68,'Сроки и стоимость'!$B$35>$F67),Спринт!$B68,IF('Сроки и стоимость'!$B$35>$F68,999,0)) | H68: =SUM(G64:G68) | Q68: за доп гор. связи + усложнение фермы
A70: высота до 6 вкл - | B70: 0 | D70: =$D$2*B70 | E70: =D70+$D$50 | F70: 6 | G70: =IF('Сроки и стоимость'!$F$43<=F70,B70,0)
A71: высота от 6 до 8 вкл - | B71: 0.15 | D71: =$D$2*B71 | E71: =D71+$D$50 | F71: 8 | G71: =IF(AND('Сроки и стоимость'!$F$43>F70,'Сроки и стоимость'!$F$43<=F71),B71,0) | Q71: за доп вертикальные связи по длиной стороне
A72: высота от 8 - | B72: 0.6 | D72: =$D$2*B72 | E72: =D72+$D$50 | G72: =IF('Сроки и стоимость'!$F$43>F71,B72,0) | H72: =SUM(G70:G72) | Q72: за доп вертикальные связи по длиной стороне + в торце + гор. связи по периметру
F73: шагов
A74: длина до 5 шагов рам - | B74: 0 | D74: =$D$2*B74 | E74: =D74+$E$38 | F74: 5 | G74: =F74*'Сроки и стоимость'!$B$40 | H74: =IF('Сроки и стоимость'!$B$38<=G75,B74,0)
A75: длина от 5 шагов рам - | B75: 0.035 | C75: за шаг | D75: =$D$2*B75 | E75: =D75+$E$38 | F75: 5 | G75: =F75*'Сроки и стоимость'!$B$40 | H75: =IF('Сроки и стоимость'!$B$38>G75,B75*_xlfn.CEILING.MATH(('Сроки и стоимость'!$B$38-Спринт!G75)/'Сроки и стоимость'!$B$40),0)
G76: итого | H76: =SUM(H74:H75)
A77: разный шаг рам | B77: 0.2
